{

"GxObject":{"ObjectType":"BusinessComponent","Name":"TAM05_APPLI_KNGN","idConnectivitySupport":"idInherit","Structure":{"Levels":[{"Name":"Tam05_appli_kngn","ParentLevel":"","LevelName":"TAM05_APPLI_KNGN","Description":"アプリケーション権限マスタ","Attributes":[{"Name":"TAM04_AUTH_CD","Caption":"権限パターン区分","default":"","IsKey":"true","ReadOnly":"false","AttributeType":"svchar","Description":"権限パターン区分","Length":"2","Decimals":"0","Signed":"false","AllowDBNulls":"false","Domain":"D_AUTH_CD","InternalName":"TAM04_AUTH_CD","InputPicture":"","Type":"xs:string"},{"Name":"TAM03_APP_ID","Caption":"アプリケーションID","default":"","IsKey":"true","ReadOnly":"false","AttributeType":"svchar","Description":"アプリケーションID","Length":"7","Decimals":"0","Signed":"false","AllowDBNulls":"false","InternalName":"TAM03_APP_ID","InputPicture":"","Type":"xs:string"},{"Name":"TAM05_KNGN_FLG","Caption":"権限フラグ","default":"","IsKey":"false","ReadOnly":"false","AttributeType":"svchar","Description":"権限フラグ","Length":"1","Decimals":"0","Signed":"false","AllowDBNulls":"true","Domain":"D_FLG","InternalName":"TAM05_KNGN_FLG","DescriptionAtt":"true","InputPicture":"","Type":"xs:string"},{"Name":"TAM05_DEL_FLG","Caption":"削除フラグ","default":"","IsKey":"false","ReadOnly":"false","AttributeType":"svchar","Description":"削除フラグ","Length":"1","Decimals":"0","Signed":"false","AllowDBNulls":"true","Domain":"D_FLG","InternalName":"TAM05_DEL_FLG","InputPicture":"","Type":"xs:string"},{"Name":"TAM05_CRT_DATETIME","Caption":"作成日時","default":"","IsKey":"false","ReadOnly":"false","AttributeType":"dtime","Description":"作成日時","Length":"9","Decimals":"8","Signed":"false","AllowDBNulls":"true","Domain":"D_Y4MD_HMS","InternalName":"TAM05_CRT_DATETIME","InputPicture":"9999/99/99 99:99:99","Type":"xs:string"},{"Name":"TAM05_CRT_USER_ID","Caption":"作成ユーザーID","default":"","IsKey":"false","ReadOnly":"false","AttributeType":"svchar","Description":"作成ユーザーID","Length":"128","Decimals":"0","Signed":"false","AllowDBNulls":"true","Domain":"D_TS_USER_ID","InternalName":"TAM05_CRT_USER_ID","InputPicture":"","Type":"xs:string"},{"Name":"TAM05_CRT_PROG_NM","Caption":"作成プログラム名","default":"","IsKey":"false","ReadOnly":"false","AttributeType":"svchar","Description":"作成プログラム名","Length":"40","Decimals":"0","Signed":"false","AllowDBNulls":"true","Domain":"D_TS_PG_NM","InternalName":"TAM05_CRT_PROG_NM","InputPicture":"","Type":"xs:string"},{"Name":"TAM05_UPD_DATETIME","Caption":"更新日時","default":"","IsKey":"false","ReadOnly":"false","AttributeType":"dtime","Description":"更新日時","Length":"9","Decimals":"8","Signed":"false","AllowDBNulls":"true","Domain":"D_Y4MD_HMS","InternalName":"TAM05_UPD_DATETIME","InputPicture":"9999/99/99 99:99:99","Type":"xs:string"},{"Name":"TAM05_UPD_USER_ID","Caption":"更新ユーザーID","default":"","IsKey":"false","ReadOnly":"false","AttributeType":"svchar","Description":"更新ユーザーID","Length":"128","Decimals":"0","Signed":"false","AllowDBNulls":"true","Domain":"D_TS_USER_ID","InternalName":"TAM05_UPD_USER_ID","InputPicture":"","Type":"xs:string"},{"Name":"TAM05_UPD_PROG_NM","Caption":"更新プログラム名","default":"","IsKey":"false","ReadOnly":"false","AttributeType":"svchar","Description":"更新プログラム名","Length":"40","Decimals":"0","Signed":"false","AllowDBNulls":"true","Domain":"D_TS_PG_NM","InternalName":"TAM05_UPD_PROG_NM","InputPicture":"","Type":"xs:string"},{"Name":"TAM05_UPD_CNT","Caption":"更新カウント","default":"0","IsKey":"false","ReadOnly":"false","AttributeType":"int","Description":"更新カウント","Length":"10","Decimals":"0","Signed":"false","AllowDBNulls":"true","Domain":"D_NO","InternalName":"TAM05_UPD_CNT","InputPicture":"ZZZZZZZZZ9","Type":"xs:int"}]}]},"Relations":{"ManyToOne":{"references":[{"Name":"TAM04_KNGNTAM04_AUTH_CD","BusinessComponent":"TAM04_KNGN","LevelName":"TAM05_APPLI_KNGN","Description":"権限パターンマスタ","ForeignKey":{"KeyAttributes":[{"Name":"TAM04_AUTH_CD","Type":"svchar"}]},"InferredAttributes":{"Attributes":[]}}]}}}
}
