{

"GxObject":{"ObjectType":"BusinessComponent","Name":"TAM08_SITE","idConnectivitySupport":"idInherit","Structure":{"Levels":[{"Name":"Tam08_site","ParentLevel":"","LevelName":"TAM08_SITE","Description":"施設マスタ","Attributes":[{"Name":"TAM08_SITE_ID","Caption":"施設ID","default":"","IsKey":"true","ReadOnly":"false","AttributeType":"svchar","Description":"施設ID","Length":"20","Decimals":"0","Signed":"false","AllowDBNulls":"false","Domain":"D_SITE_ID","InternalName":"TAM08_SITE_ID","InputPicture":"","Type":"xs:string"},{"Name":"TAM08_SITE_NM","Caption":"施設名","default":"","IsKey":"false","ReadOnly":"false","AttributeType":"svchar","Description":"施設名","Length":"50","Decimals":"0","Signed":"false","AllowDBNulls":"true","InternalName":"TAM08_SITE_NM","DescriptionAtt":"true","InputPicture":"","Type":"xs:string"},{"Name":"TAM08_SITE_SNM","Caption":"施設名（略称）","default":"","IsKey":"false","ReadOnly":"false","AttributeType":"svchar","Description":"施設名（略称）","Length":"20","Decimals":"0","Signed":"false","AllowDBNulls":"true","InternalName":"TAM08_SITE_SNM","InputPicture":"","Type":"xs:string"},{"Name":"TAM08_OUTER_SITE_ID","Caption":"外部施設ID","default":"","IsKey":"false","ReadOnly":"false","AttributeType":"svchar","Description":"外部施設ID","Length":"20","Decimals":"0","Signed":"false","AllowDBNulls":"true","InternalName":"TAM08_OUTER_SITE_ID","InputPicture":"","Type":"xs:string"},{"Name":"TAM08_DEL_FLG","Caption":"削除フラグ","default":"","IsKey":"false","ReadOnly":"false","AttributeType":"svchar","Description":"削除フラグ","Length":"1","Decimals":"0","Signed":"false","AllowDBNulls":"true","Domain":"D_FLG","InternalName":"TAM08_DEL_FLG","InputPicture":"","Type":"xs:string"},{"Name":"TAM08_CRT_DATETIME","Caption":"作成日時","default":"","IsKey":"false","ReadOnly":"false","AttributeType":"dtime","Description":"作成日時","Length":"9","Decimals":"8","Signed":"false","AllowDBNulls":"true","Domain":"D_Y4MD_HMS","InternalName":"TAM08_CRT_DATETIME","InputPicture":"9999/99/99 99:99:99","Type":"xs:string"},{"Name":"TAM08_CRT_USER_ID","Caption":"作成ユーザーID","default":"","IsKey":"false","ReadOnly":"false","AttributeType":"svchar","Description":"作成ユーザーID","Length":"128","Decimals":"0","Signed":"false","AllowDBNulls":"true","Domain":"D_TS_USER_ID","InternalName":"TAM08_CRT_USER_ID","InputPicture":"","Type":"xs:string"},{"Name":"TAM08_CRT_PROG_NM","Caption":"作成プログラム名","default":"","IsKey":"false","ReadOnly":"false","AttributeType":"svchar","Description":"作成プログラム名","Length":"40","Decimals":"0","Signed":"false","AllowDBNulls":"true","Domain":"D_TS_PG_NM","InternalName":"TAM08_CRT_PROG_NM","InputPicture":"","Type":"xs:string"},{"Name":"TAM08_UPD_DATETIME","Caption":"更新日時","default":"","IsKey":"false","ReadOnly":"false","AttributeType":"dtime","Description":"更新日時","Length":"9","Decimals":"8","Signed":"false","AllowDBNulls":"true","Domain":"D_Y4MD_HMS","InternalName":"TAM08_UPD_DATETIME","InputPicture":"9999/99/99 99:99:99","Type":"xs:string"},{"Name":"TAM08_UPD_USER_ID","Caption":"更新ユーザーID","default":"","IsKey":"false","ReadOnly":"false","AttributeType":"svchar","Description":"更新ユーザーID","Length":"128","Decimals":"0","Signed":"false","AllowDBNulls":"true","Domain":"D_TS_USER_ID","InternalName":"TAM08_UPD_USER_ID","InputPicture":"","Type":"xs:string"},{"Name":"TAM08_UPD_PROG_NM","Caption":"更新プログラム名","default":"","IsKey":"false","ReadOnly":"false","AttributeType":"svchar","Description":"更新プログラム名","Length":"40","Decimals":"0","Signed":"false","AllowDBNulls":"true","Domain":"D_TS_PG_NM","InternalName":"TAM08_UPD_PROG_NM","InputPicture":"","Type":"xs:string"},{"Name":"TAM08_UPD_CNT","Caption":"更新カウント","default":"0","IsKey":"false","ReadOnly":"false","AttributeType":"int","Description":"更新カウント","Length":"10","Decimals":"0","Signed":"false","AllowDBNulls":"true","Domain":"D_NO","InternalName":"TAM08_UPD_CNT","InputPicture":"ZZZZZZZZZ9","Type":"xs:int"}]}]},"Relations":{"ManyToOne":{"references":[]}}}
}
