{

"GxObject":{"ObjectType":"BusinessComponent","Name":"TAW01_API_SDT_WORK","idConnectivitySupport":"idInherit","Structure":{"Levels":[{"Name":"Taw01_api_sdt_work","ParentLevel":"","LevelName":"TAW01_API_SDT_WORK","Description":"アプリケーションSDTテーブル","Attributes":[{"Name":"TAW01_SESSION_ID","Caption":"セッションID","default":"","IsKey":"true","ReadOnly":"false","AttributeType":"svchar","Description":"セッションID","Length":"50","Decimals":"0","Signed":"false","AllowDBNulls":"false","Domain":"D_SESSION_ID","InternalName":"TAW01_SESSION_ID","InputPicture":"","Type":"xs:string"},{"Name":"TAW01_APP_ID","Caption":"画面ID","default":"","IsKey":"true","ReadOnly":"false","AttributeType":"svchar","Description":"画面ID","Length":"7","Decimals":"0","Signed":"false","AllowDBNulls":"false","InternalName":"TAW01_APP_ID","InputPicture":"","Type":"xs:string"},{"Name":"TAW01_DISP_DATETIME","Caption":"表示日時","default":"","IsKey":"true","ReadOnly":"false","AttributeType":"svchar","Description":"表示日時","Length":"14","Decimals":"0","Signed":"false","AllowDBNulls":"false","Domain":"D_Y4MD_HMS_C","InternalName":"TAW01_DISP_DATETIME","InputPicture":"","Type":"xs:string"},{"Name":"TAW01_CRT_DATE","Caption":"作成日付","default":"","IsKey":"false","ReadOnly":"false","AttributeType":"date","Description":"作成日付","Length":"8","Decimals":"0","Signed":"false","AllowDBNulls":"true","InternalName":"TAW01_CRT_DATE","DescriptionAtt":"true","InputPicture":"99/99/99","Type":"xs:string"},{"Name":"TAW01_SDT_SAVE_1","Caption":"SDT格納領域1","default":"","IsKey":"false","ReadOnly":"false","AttributeType":"vchar","Description":"SDT格納領域1","Length":"2097152","Decimals":"0","Signed":"false","AllowDBNulls":"true","InternalName":"TAW01_SDT_SAVE_1","InputPicture":"","Type":"xs:string"},{"Name":"TAW01_SDT_SAVE_2","Caption":"SDT格納領域2","default":"","IsKey":"false","ReadOnly":"false","AttributeType":"vchar","Description":"SDT格納領域2","Length":"2097152","Decimals":"0","Signed":"false","AllowDBNulls":"true","InternalName":"TAW01_SDT_SAVE_2","InputPicture":"","Type":"xs:string"}]}]},"Relations":{"ManyToOne":{"references":[]}}}
}
