{

"GxObject":{"ObjectType":"BusinessComponent","Name":"TBM11_IMAGE","idConnectivitySupport":"idInherit","Structure":{"Levels":[{"Name":"Tbm11_image","ParentLevel":"","LevelName":"TBM11_IMAGE","Description":"画像マスタ","Attributes":[{"Name":"TBM11_IMAGE_CD","Caption":"画像コード","default":"","IsKey":"true","ReadOnly":"false","AttributeType":"svchar","Description":"画像コード","Length":"50","Decimals":"0","Signed":"false","AllowDBNulls":"false","Domain":"D_IMAGE_CD","InternalName":"TBM11_IMAGE_CD","InputPicture":"","Type":"xs:string"},{"Name":"TBM11_IMAGE_NM","Caption":"画像名","default":"","IsKey":"false","ReadOnly":"false","AttributeType":"svchar","Description":"画像名","Length":"50","Decimals":"0","Signed":"false","AllowDBNulls":"true","InternalName":"TBM11_IMAGE_NM","DescriptionAtt":"true","InputPicture":"","Type":"xs:string"},{"Name":"TBM11_IMAGE","Caption":"画像バイナリ","default":"","IsKey":"false","ReadOnly":"false","AttributeType":"bitstr","Description":"画像バイナリ","Length":"4","Decimals":"0","Signed":"false","AllowDBNulls":"true","InternalName":"TBM11_IMAGE","InputPicture":"","Type":"xs:string"},{"Name":"TBM11_FILE_NAME","Caption":"取込時ファイル名","default":"","IsKey":"false","ReadOnly":"false","AttributeType":"svchar","Description":"取込時ファイル名","Length":"100","Decimals":"0","Signed":"false","AllowDBNulls":"true","InternalName":"TBM11_FILE_NAME","InputPicture":"","Type":"xs:string"},{"Name":"TBM11_STUDY_ID","Caption":"試験ID","default":"0","IsKey":"false","ReadOnly":"false","AttributeType":"int","Description":"試験ID","Length":"10","Decimals":"0","Signed":"false","AllowDBNulls":"true","Domain":"D_STUDY_ID","InternalName":"TBM11_STUDY_ID","InputPicture":"ZZZZZZZZZ9","Type":"xs:int"},{"Name":"TBM11_DEL_FLG","Caption":"削除フラグ","default":"","IsKey":"false","ReadOnly":"false","AttributeType":"svchar","Description":"削除フラグ","Length":"1","Decimals":"0","Signed":"false","AllowDBNulls":"true","Domain":"D_FLG","InternalName":"TBM11_DEL_FLG","InputPicture":"","Type":"xs:string"},{"Name":"TBM11_CRT_DATETIME","Caption":"作成日時","default":"","IsKey":"false","ReadOnly":"false","AttributeType":"dtime","Description":"作成日時","Length":"9","Decimals":"8","Signed":"false","AllowDBNulls":"true","Domain":"D_Y4MD_HMS","InternalName":"TBM11_CRT_DATETIME","InputPicture":"9999/99/99 99:99:99","Type":"xs:string"},{"Name":"TBM11_CRT_USER_ID","Caption":"作成ユーザーID","default":"","IsKey":"false","ReadOnly":"false","AttributeType":"svchar","Description":"作成ユーザーID","Length":"128","Decimals":"0","Signed":"false","AllowDBNulls":"true","Domain":"D_TS_USER_ID","InternalName":"TBM11_CRT_USER_ID","InputPicture":"","Type":"xs:string"},{"Name":"TBM11_CRT_PROG_NM","Caption":"作成プログラム名","default":"","IsKey":"false","ReadOnly":"false","AttributeType":"svchar","Description":"作成プログラム名","Length":"40","Decimals":"0","Signed":"false","AllowDBNulls":"true","Domain":"D_TS_PG_NM","InternalName":"TBM11_CRT_PROG_NM","InputPicture":"","Type":"xs:string"},{"Name":"TBM11_UPD_DATETIME","Caption":"更新日時","default":"","IsKey":"false","ReadOnly":"false","AttributeType":"dtime","Description":"更新日時","Length":"9","Decimals":"8","Signed":"false","AllowDBNulls":"true","Domain":"D_Y4MD_HMS","InternalName":"TBM11_UPD_DATETIME","InputPicture":"9999/99/99 99:99:99","Type":"xs:string"},{"Name":"TBM11_UPD_USER_ID","Caption":"更新ユーザーID","default":"","IsKey":"false","ReadOnly":"false","AttributeType":"svchar","Description":"更新ユーザーID","Length":"128","Decimals":"0","Signed":"false","AllowDBNulls":"true","Domain":"D_TS_USER_ID","InternalName":"TBM11_UPD_USER_ID","InputPicture":"","Type":"xs:string"},{"Name":"TBM11_UPD_PROG_NM","Caption":"更新プログラム名","default":"","IsKey":"false","ReadOnly":"false","AttributeType":"svchar","Description":"更新プログラム名","Length":"40","Decimals":"0","Signed":"false","AllowDBNulls":"true","Domain":"D_TS_PG_NM","InternalName":"TBM11_UPD_PROG_NM","InputPicture":"","Type":"xs:string"},{"Name":"TBM11_UPD_CNT","Caption":"更新カウント","default":"0","IsKey":"false","ReadOnly":"false","AttributeType":"int","Description":"更新カウント","Length":"10","Decimals":"0","Signed":"false","AllowDBNulls":"true","Domain":"D_NO","InternalName":"TBM11_UPD_CNT","InputPicture":"ZZZZZZZZZ9","Type":"xs:int"}]}]},"Relations":{"ManyToOne":{"references":[]}}}
}
