{

"GxObject":{"ObjectType":"BusinessComponent","Name":"TBM22_STUDY_SITE","idConnectivitySupport":"idInherit","Structure":{"Levels":[{"Name":"Tbm22_study_site","ParentLevel":"","LevelName":"TBM22_STUDY_SITE","Description":"試験実施施設マスタ","Attributes":[{"Name":"TBM22_STUDY_ID","Caption":"試験ID","default":"0","SuperType":"TBM21_STUDY_ID","SubtypeGroup":"SG_TBM22_STUDY","IsKey":"true","ReadOnly":"false","AttributeType":"int","Description":"試験ID","Length":"10","Decimals":"0","Signed":"false","AllowDBNulls":"false","Domain":"D_STUDY_ID","InternalName":"TBM22_STUDY_ID","InputPicture":"ZZZZZZZZZ9","Type":"xs:int"},{"Name":"TBM22_SITE_ID","Caption":"試験実施施設ID","default":"","SuperType":"TAM08_SITE_ID","SubtypeGroup":"SG_TBM22_SITE","IsKey":"true","ReadOnly":"false","AttributeType":"svchar","Description":"試験実施施設ID","Length":"20","Decimals":"0","Signed":"false","AllowDBNulls":"false","Domain":"D_SITE_ID","InternalName":"TBM22_SITE_ID","InputPicture":"","Type":"xs:string"},{"Name":"TBM22_DEL_FLG","Caption":"削除フラグ","default":"","IsKey":"false","ReadOnly":"false","AttributeType":"svchar","Description":"削除フラグ","Length":"1","Decimals":"0","Signed":"false","AllowDBNulls":"true","Domain":"D_FLG","InternalName":"TBM22_DEL_FLG","DescriptionAtt":"true","InputPicture":"","Type":"xs:string"},{"Name":"TBM22_CRT_DATETIME","Caption":"作成日時","default":"","IsKey":"false","ReadOnly":"false","AttributeType":"dtime","Description":"作成日時","Length":"9","Decimals":"8","Signed":"false","AllowDBNulls":"true","Domain":"D_Y4MD_HMS","InternalName":"TBM22_CRT_DATETIME","InputPicture":"9999/99/99 99:99:99","Type":"xs:string"},{"Name":"TBM22_CRT_USER_ID","Caption":"作成ユーザーID","default":"","IsKey":"false","ReadOnly":"false","AttributeType":"svchar","Description":"作成ユーザーID","Length":"128","Decimals":"0","Signed":"false","AllowDBNulls":"true","Domain":"D_TS_USER_ID","InternalName":"TBM22_CRT_USER_ID","InputPicture":"","Type":"xs:string"},{"Name":"TBM22_CRT_PROG_NM","Caption":"作成プログラム名","default":"","IsKey":"false","ReadOnly":"false","AttributeType":"svchar","Description":"作成プログラム名","Length":"40","Decimals":"0","Signed":"false","AllowDBNulls":"true","Domain":"D_TS_PG_NM","InternalName":"TBM22_CRT_PROG_NM","InputPicture":"","Type":"xs:string"},{"Name":"TBM22_UPD_DATETIME","Caption":"更新日時","default":"","IsKey":"false","ReadOnly":"false","AttributeType":"dtime","Description":"更新日時","Length":"9","Decimals":"8","Signed":"false","AllowDBNulls":"true","Domain":"D_Y4MD_HMS","InternalName":"TBM22_UPD_DATETIME","InputPicture":"9999/99/99 99:99:99","Type":"xs:string"},{"Name":"TBM22_UPD_USER_ID","Caption":"更新ユーザーID","default":"","IsKey":"false","ReadOnly":"false","AttributeType":"svchar","Description":"更新ユーザーID","Length":"128","Decimals":"0","Signed":"false","AllowDBNulls":"true","Domain":"D_TS_USER_ID","InternalName":"TBM22_UPD_USER_ID","InputPicture":"","Type":"xs:string"},{"Name":"TBM22_UPD_PROG_NM","Caption":"更新プログラム名","default":"","IsKey":"false","ReadOnly":"false","AttributeType":"svchar","Description":"更新プログラム名","Length":"40","Decimals":"0","Signed":"false","AllowDBNulls":"true","Domain":"D_TS_PG_NM","InternalName":"TBM22_UPD_PROG_NM","InputPicture":"","Type":"xs:string"},{"Name":"TBM22_UPD_CNT","Caption":"更新カウント","default":"0","IsKey":"false","ReadOnly":"false","AttributeType":"int","Description":"更新カウント","Length":"10","Decimals":"0","Signed":"false","AllowDBNulls":"true","Domain":"D_NO","InternalName":"TBM22_UPD_CNT","InputPicture":"ZZZZZZZZZ9","Type":"xs:int"}]}]},"Relations":{"ManyToOne":{"references":[{"Name":"TAM08_SITETBM22_SITE_ID","BusinessComponent":"TAM08_SITE","LevelName":"TBM22_STUDY_SITE","Description":"施設マスタ","ForeignKey":{"KeyAttributes":[{"Name":"TBM22_SITE_ID","Type":"svchar","AtributeSuperType":"TAM08_SITE_ID"}]},"InferredAttributes":{"Attributes":[]}},{"Name":"TBM21_STUDYTBM22_STUDY_ID","BusinessComponent":"TBM21_STUDY","LevelName":"TBM22_STUDY_SITE","Description":"試験マスタ","ForeignKey":{"KeyAttributes":[{"Name":"TBM22_STUDY_ID","Type":"int","AtributeSuperType":"TBM21_STUDY_ID"}]},"InferredAttributes":{"Attributes":[]}}]}}}
}
