{

"GxObject":{"ObjectType":"BusinessComponent","Name":"TBM21_STUDY","idConnectivitySupport":"idInherit","Structure":{"Levels":[{"Name":"Tbm21_study","ParentLevel":"","LevelName":"TBM21_STUDY","Description":"試験マスタ","Attributes":[{"Name":"TBM21_STUDY_ID","Caption":"試験ID","default":"0","IsKey":"true","ReadOnly":"false","AttributeType":"int","Description":"試験ID","Length":"10","Decimals":"0","Signed":"false","AllowDBNulls":"false","Domain":"D_STUDY_ID","InternalName":"TBM21_STUDY_ID","InputPicture":"ZZZZZZZZZ9","Type":"xs:int"},{"Name":"TBM21_STUDY_NM","Caption":"試験名","default":"","IsKey":"false","ReadOnly":"false","AttributeType":"svchar","Description":"試験名","Length":"100","Decimals":"0","Signed":"false","AllowDBNulls":"true","InternalName":"TBM21_STUDY_NM","DescriptionAtt":"true","InputPicture":"","Type":"xs:string"},{"Name":"TBM21_OUTER_STUDY_ID","Caption":"外部試験ID","default":"","IsKey":"false","ReadOnly":"false","AttributeType":"svchar","Description":"外部試験ID","Length":"20","Decimals":"0","Signed":"false","AllowDBNulls":"true","InternalName":"TBM21_OUTER_STUDY_ID","InputPicture":"","Type":"xs:string"},{"Name":"TBM21_PROC_NM","Caption":"プロトコール名","default":"","IsKey":"false","ReadOnly":"false","AttributeType":"svchar","Description":"プロトコール名","Length":"100","Decimals":"0","Signed":"false","AllowDBNulls":"true","InternalName":"TBM21_PROC_NM","InputPicture":"","Type":"xs:string"},{"Name":"TBM21_NOTE","Caption":"備考","default":"","IsKey":"false","ReadOnly":"false","AttributeType":"svchar","Description":"備考","Length":"1000","Decimals":"0","Signed":"false","AllowDBNulls":"true","InternalName":"TBM21_NOTE","InputPicture":"","Type":"xs:string"},{"Name":"TBM21_STATUS","Caption":"状態","default":"","IsKey":"false","ReadOnly":"false","AttributeType":"svchar","Description":"状態","Length":"1","Decimals":"0","Signed":"false","AllowDBNulls":"true","InternalName":"TBM21_STATUS","InputPicture":"","Type":"xs:string"},{"Name":"TBM21_DEL_FLG","Caption":"削除フラグ","default":"","IsKey":"false","ReadOnly":"false","AttributeType":"svchar","Description":"削除フラグ","Length":"1","Decimals":"0","Signed":"false","AllowDBNulls":"true","Domain":"D_FLG","InternalName":"TBM21_DEL_FLG","InputPicture":"","Type":"xs:string"},{"Name":"TBM21_CRT_DATETIME","Caption":"作成日時","default":"","IsKey":"false","ReadOnly":"false","AttributeType":"dtime","Description":"作成日時","Length":"9","Decimals":"8","Signed":"false","AllowDBNulls":"true","Domain":"D_Y4MD_HMS","InternalName":"TBM21_CRT_DATETIME","InputPicture":"9999/99/99 99:99:99","Type":"xs:string"},{"Name":"TBM21_CRT_USER_ID","Caption":"作成ユーザーID","default":"","IsKey":"false","ReadOnly":"false","AttributeType":"svchar","Description":"作成ユーザーID","Length":"128","Decimals":"0","Signed":"false","AllowDBNulls":"true","Domain":"D_TS_USER_ID","InternalName":"TBM21_CRT_USER_ID","InputPicture":"","Type":"xs:string"},{"Name":"TBM21_CRT_PROG_NM","Caption":"作成プログラム名","default":"","IsKey":"false","ReadOnly":"false","AttributeType":"svchar","Description":"作成プログラム名","Length":"40","Decimals":"0","Signed":"false","AllowDBNulls":"true","Domain":"D_TS_PG_NM","InternalName":"TBM21_CRT_PROG_NM","InputPicture":"","Type":"xs:string"},{"Name":"TBM21_UPD_DATETIME","Caption":"更新日時","default":"","IsKey":"false","ReadOnly":"false","AttributeType":"dtime","Description":"更新日時","Length":"9","Decimals":"8","Signed":"false","AllowDBNulls":"true","Domain":"D_Y4MD_HMS","InternalName":"TBM21_UPD_DATETIME","InputPicture":"9999/99/99 99:99:99","Type":"xs:string"},{"Name":"TBM21_UPD_USER_ID","Caption":"更新ユーザーID","default":"","IsKey":"false","ReadOnly":"false","AttributeType":"svchar","Description":"更新ユーザーID","Length":"128","Decimals":"0","Signed":"false","AllowDBNulls":"true","Domain":"D_TS_USER_ID","InternalName":"TBM21_UPD_USER_ID","InputPicture":"","Type":"xs:string"},{"Name":"TBM21_UPD_PROG_NM","Caption":"更新プログラム名","default":"","IsKey":"false","ReadOnly":"false","AttributeType":"svchar","Description":"更新プログラム名","Length":"40","Decimals":"0","Signed":"false","AllowDBNulls":"true","Domain":"D_TS_PG_NM","InternalName":"TBM21_UPD_PROG_NM","InputPicture":"","Type":"xs:string"},{"Name":"TBM21_UPD_CNT","Caption":"更新カウント","default":"0","IsKey":"false","ReadOnly":"false","AttributeType":"int","Description":"更新カウント","Length":"10","Decimals":"0","Signed":"false","AllowDBNulls":"true","Domain":"D_NO","InternalName":"TBM21_UPD_CNT","InputPicture":"ZZZZZZZZZ9","Type":"xs:int"}]}]},"Relations":{"ManyToOne":{"references":[]}}}
}
