{

"GxObject":{"ObjectType":"BusinessComponent","Name":"TBM37_CRF_DOM_MAP","idConnectivitySupport":"idInherit","Structure":{"Levels":[{"Name":"Tbm37_crf_dom_map","ParentLevel":"","LevelName":"TBM37_CRF_DOM_MAP","Description":"CRF-ドメインマッピングマスタ","Attributes":[{"Name":"TBM37_STUDY_ID","Caption":"試験ID","default":"0","IsKey":"true","ReadOnly":"false","AttributeType":"int","Description":"試験ID","Length":"10","Decimals":"0","Signed":"false","AllowDBNulls":"false","Domain":"D_STUDY_ID","InternalName":"TBM37_STUDY_ID","InputPicture":"ZZZZZZZZZ9","Type":"xs:int"},{"Name":"TBM37_CRF_ID","Caption":"CRFID","default":"0","IsKey":"true","ReadOnly":"false","AttributeType":"int","Description":"CRFID","Length":"4","Decimals":"0","Signed":"false","AllowDBNulls":"false","Domain":"D_CRF_ID","InternalName":"TBM37_CRF_ID","InputPicture":"ZZZ9","Type":"xs:int"},{"Name":"TBM37_CRF_ITEM_GRP_DIV","Caption":"項目・グループ識別区分","default":"","IsKey":"true","ReadOnly":"false","AttributeType":"svchar","Description":"項目・グループ識別区分","Length":"1","Decimals":"0","Signed":"false","AllowDBNulls":"false","Domain":"D_CRF_ITEM_GRP_DIV","InternalName":"TBM37_CRF_ITEM_GRP_DIV","InputPicture":"","Type":"xs:string"},{"Name":"TBM37_CRF_ITEM_GRP_CD","Caption":"CRF項目コード","default":"","IsKey":"true","ReadOnly":"false","AttributeType":"svchar","Description":"CRF項目コード","Length":"50","Decimals":"0","Signed":"false","AllowDBNulls":"false","Domain":"D_CRF_ITEM_GRP_CD","InternalName":"TBM37_CRF_ITEM_GRP_CD","InputPicture":"","Type":"xs:string"},{"Name":"TBM37_VISIT_NO","Caption":"VISIT番号","default":"0","IsKey":"false","ReadOnly":"false","AttributeType":"int","Description":"VISIT番号","Length":"6","Decimals":"0","Signed":"false","AllowDBNulls":"true","Domain":"D_VISIT_NO","InternalName":"TBM37_VISIT_NO","DescriptionAtt":"true","InputPicture":"ZZZZZ9","Type":"xs:int"},{"Name":"TBM37_DOM_CD","Caption":"ドメインコード","default":"","IsKey":"false","ReadOnly":"false","AttributeType":"svchar","Description":"ドメインコード","Length":"16","Decimals":"0","Signed":"false","AllowDBNulls":"true","Domain":"D_DOM_CD","InternalName":"TBM37_DOM_CD","InputPicture":"","Type":"xs:string"},{"Name":"TBM37_DOM_VAR_NM","Caption":"ドメイン変数名","default":"","IsKey":"false","ReadOnly":"false","AttributeType":"svchar","Description":"ドメイン変数名","Length":"50","Decimals":"0","Signed":"false","AllowDBNulls":"true","Domain":"D_DOM_VAR_NM","InternalName":"TBM37_DOM_VAR_NM","InputPicture":"","Type":"xs:string"},{"Name":"TBM37_DOM_ITM_GRP_OID","Caption":"ドメイン内項目グループOID","default":"","IsKey":"false","ReadOnly":"false","AttributeType":"svchar","Description":"ドメイン内項目グループOID","Length":"50","Decimals":"0","Signed":"false","AllowDBNulls":"true","InternalName":"TBM37_DOM_ITM_GRP_OID","InputPicture":"","Type":"xs:string"},{"Name":"TBM37_DOM_ITM_GRP_ATTR_SEQ","Caption":"ドメイン内項目グループ内連番","default":"0","IsKey":"false","ReadOnly":"false","AttributeType":"int","Description":"ドメイン内項目グループ内連番","Length":"4","Decimals":"0","Signed":"false","AllowDBNulls":"true","InternalName":"TBM37_DOM_ITM_GRP_ATTR_SEQ","InputPicture":"ZZZ9","Type":"xs:int"},{"Name":"TBM37_DOM_ITM_GRP_ROWNO","Caption":"項目グループ行番号","default":"0","IsKey":"false","ReadOnly":"false","AttributeType":"int","Description":"項目グループ行番号","Length":"4","Decimals":"0","Signed":"false","AllowDBNulls":"true","InternalName":"TBM37_DOM_ITM_GRP_ROWNO","InputPicture":"ZZZ9","Type":"xs:int"},{"Name":"TBM37_DEL_FLG","Caption":"削除フラグ","default":"","IsKey":"false","ReadOnly":"false","AttributeType":"svchar","Description":"削除フラグ","Length":"1","Decimals":"0","Signed":"false","AllowDBNulls":"true","Domain":"D_FLG","InternalName":"TBM37_DEL_FLG","InputPicture":"","Type":"xs:string"},{"Name":"TBM37_CRT_DATETIME","Caption":"作成日時","default":"","IsKey":"false","ReadOnly":"false","AttributeType":"dtime","Description":"作成日時","Length":"9","Decimals":"8","Signed":"false","AllowDBNulls":"true","Domain":"D_Y4MD_HMS","InternalName":"TBM37_CRT_DATETIME","InputPicture":"9999/99/99 99:99:99","Type":"xs:string"},{"Name":"TBM37_CRT_USER_ID","Caption":"作成ユーザーID","default":"","IsKey":"false","ReadOnly":"false","AttributeType":"svchar","Description":"作成ユーザーID","Length":"128","Decimals":"0","Signed":"false","AllowDBNulls":"true","Domain":"D_TS_USER_ID","InternalName":"TBM37_CRT_USER_ID","InputPicture":"","Type":"xs:string"},{"Name":"TBM37_CRT_PROG_NM","Caption":"作成プログラム名","default":"","IsKey":"false","ReadOnly":"false","AttributeType":"svchar","Description":"作成プログラム名","Length":"40","Decimals":"0","Signed":"false","AllowDBNulls":"true","Domain":"D_TS_PG_NM","InternalName":"TBM37_CRT_PROG_NM","InputPicture":"","Type":"xs:string"},{"Name":"TBM37_UPD_DATETIME","Caption":"更新日時","default":"","IsKey":"false","ReadOnly":"false","AttributeType":"dtime","Description":"更新日時","Length":"9","Decimals":"8","Signed":"false","AllowDBNulls":"true","Domain":"D_Y4MD_HMS","InternalName":"TBM37_UPD_DATETIME","InputPicture":"9999/99/99 99:99:99","Type":"xs:string"},{"Name":"TBM37_UPD_USER_ID","Caption":"更新ユーザーID","default":"","IsKey":"false","ReadOnly":"false","AttributeType":"svchar","Description":"更新ユーザーID","Length":"128","Decimals":"0","Signed":"false","AllowDBNulls":"true","Domain":"D_TS_USER_ID","InternalName":"TBM37_UPD_USER_ID","InputPicture":"","Type":"xs:string"},{"Name":"TBM37_UPD_PROG_NM","Caption":"更新プログラム名","default":"","IsKey":"false","ReadOnly":"false","AttributeType":"svchar","Description":"更新プログラム名","Length":"40","Decimals":"0","Signed":"false","AllowDBNulls":"true","Domain":"D_TS_PG_NM","InternalName":"TBM37_UPD_PROG_NM","InputPicture":"","Type":"xs:string"},{"Name":"TBM37_UPD_CNT","Caption":"更新カウント","default":"0","IsKey":"false","ReadOnly":"false","AttributeType":"int","Description":"更新カウント","Length":"10","Decimals":"0","Signed":"false","AllowDBNulls":"true","Domain":"D_NO","InternalName":"TBM37_UPD_CNT","InputPicture":"ZZZZZZZZZ9","Type":"xs:int"}]}]},"Relations":{"ManyToOne":{"references":[]}}}
}
