{

"GxObject":{"ObjectType":"BusinessComponent","Name":"TBM31_CRF","idConnectivitySupport":"idInherit","Structure":{"Levels":[{"Name":"Tbm31_crf","ParentLevel":"","LevelName":"TBM31_CRF","Description":"CRFマスタ","Attributes":[{"Name":"TBM31_STUDY_ID","Caption":"試験ID","default":"0","SuperType":"TBM21_STUDY_ID","SubtypeGroup":"SG_TBM31_STUDY","IsKey":"true","ReadOnly":"false","AttributeType":"int","Description":"試験ID","Length":"10","Decimals":"0","Signed":"false","AllowDBNulls":"false","Domain":"D_STUDY_ID","InternalName":"TBM31_STUDY_ID","InputPicture":"ZZZZZZZZZ9","Type":"xs:int"},{"Name":"TBM31_CRF_ID","Caption":"CRFID","default":"0","IsKey":"true","ReadOnly":"false","AttributeType":"int","Description":"CRFID","Length":"4","Decimals":"0","Signed":"false","AllowDBNulls":"false","Domain":"D_CRF_ID","InternalName":"TBM31_CRF_ID","InputPicture":"ZZZ9","Type":"xs:int"},{"Name":"TBM31_CRF_NM","Caption":"CRF名称","default":"","IsKey":"false","ReadOnly":"false","AttributeType":"svchar","Description":"CRF名称","Length":"100","Decimals":"0","Signed":"false","AllowDBNulls":"true","InternalName":"TBM31_CRF_NM","DescriptionAtt":"true","InputPicture":"","Type":"xs:string"},{"Name":"TBM31_CRF_SNM","Caption":"CRF略称","default":"","IsKey":"false","ReadOnly":"false","AttributeType":"svchar","Description":"CRF略称","Length":"20","Decimals":"0","Signed":"false","AllowDBNulls":"true","InternalName":"TBM31_CRF_SNM","InputPicture":"","Type":"xs:string"},{"Name":"TBM31_GRID_SIZE","Caption":"グリッドの間隔","default":"0","IsKey":"false","ReadOnly":"false","AttributeType":"int","Description":"グリッドの間隔","Length":"3","Decimals":"0","Signed":"false","AllowDBNulls":"true","InternalName":"TBM31_GRID_SIZE","InputPicture":"ZZ9","Type":"xs:int"},{"Name":"TBM31_ORDER","Caption":"表示順","default":"0","IsKey":"false","ReadOnly":"false","AttributeType":"int","Description":"表示順","Length":"5","Decimals":"0","Signed":"false","AllowDBNulls":"true","InternalName":"TBM31_ORDER","InputPicture":"ZZZZ9","Type":"xs:int"},{"Name":"TBM31_DEF_VISIT_NO","Caption":"デフォルトVISIT番号","default":"0","IsKey":"false","ReadOnly":"false","AttributeType":"int","Description":"デフォルトVISIT番号","Length":"6","Decimals":"0","Signed":"false","AllowDBNulls":"true","Domain":"D_VISIT_NO","InternalName":"TBM31_DEF_VISIT_NO","InputPicture":"ZZZZZ9","Type":"xs:int"},{"Name":"TBM31_DEF_DOMAIN_CD","Caption":"デフォルトドメインコード","default":"","IsKey":"false","ReadOnly":"false","AttributeType":"svchar","Description":"デフォルトドメインコード","Length":"16","Decimals":"0","Signed":"false","AllowDBNulls":"true","Domain":"D_DOM_CD","InternalName":"TBM31_DEF_DOMAIN_CD","InputPicture":"","Type":"xs:string"},{"Name":"TBM31_STATUS","Caption":"状態","default":"","IsKey":"false","ReadOnly":"false","AttributeType":"svchar","Description":"状態","Length":"1","Decimals":"0","Signed":"false","AllowDBNulls":"true","InternalName":"TBM31_STATUS","InputPicture":"","Type":"xs:string"},{"Name":"TBM31_NOTE","Caption":"備考","default":"","IsKey":"false","ReadOnly":"false","AttributeType":"svchar","Description":"備考","Length":"1000","Decimals":"0","Signed":"false","AllowDBNulls":"true","InternalName":"TBM31_NOTE","InputPicture":"","Type":"xs:string"},{"Name":"TBM31_REPEAT_FLG","Caption":"繰り返し使用フラグ","default":"0","IsKey":"false","ReadOnly":"false","AttributeType":"int","Description":"繰り返し使用フラグ","Length":"1","Decimals":"0","Signed":"false","AllowDBNulls":"true","InternalName":"TBM31_REPEAT_FLG","InputPicture":"9","Type":"xs:int"},{"Name":"TBM31_REPEAT_MAX","Caption":"繰返し最大数","default":"0","IsKey":"false","ReadOnly":"false","AttributeType":"int","Description":"繰返し最大数","Length":"2","Decimals":"0","Signed":"false","AllowDBNulls":"true","InternalName":"TBM31_REPEAT_MAX","InputPicture":"Z9","Type":"xs:int"},{"Name":"TBM31_DM_EXCP_NO_DISP_FLG","Caption":"DM以外非表示フラグ","default":"","IsKey":"false","ReadOnly":"false","AttributeType":"svchar","Description":"DM以外非表示フラグ","Length":"1","Decimals":"0","Signed":"false","AllowDBNulls":"true","Domain":"D_FLG","InternalName":"TBM31_DM_EXCP_NO_DISP_FLG","InputPicture":"","Type":"xs:string"},{"Name":"TBM31_DEL_FLG","Caption":"削除フラグ","default":"","IsKey":"false","ReadOnly":"false","AttributeType":"svchar","Description":"削除フラグ","Length":"1","Decimals":"0","Signed":"false","AllowDBNulls":"true","Domain":"D_FLG","InternalName":"TBM31_DEL_FLG","InputPicture":"","Type":"xs:string"},{"Name":"TBM31_CRT_DATETIME","Caption":"作成日時","default":"","IsKey":"false","ReadOnly":"false","AttributeType":"dtime","Description":"作成日時","Length":"9","Decimals":"8","Signed":"false","AllowDBNulls":"true","Domain":"D_Y4MD_HMS","InternalName":"TBM31_CRT_DATETIME","InputPicture":"9999/99/99 99:99:99","Type":"xs:string"},{"Name":"TBM31_CRT_USER_ID","Caption":"作成ユーザーID","default":"","IsKey":"false","ReadOnly":"false","AttributeType":"svchar","Description":"作成ユーザーID","Length":"128","Decimals":"0","Signed":"false","AllowDBNulls":"true","Domain":"D_TS_USER_ID","InternalName":"TBM31_CRT_USER_ID","InputPicture":"","Type":"xs:string"},{"Name":"TBM31_CRT_PROG_NM","Caption":"作成プログラム名","default":"","IsKey":"false","ReadOnly":"false","AttributeType":"svchar","Description":"作成プログラム名","Length":"40","Decimals":"0","Signed":"false","AllowDBNulls":"true","Domain":"D_TS_PG_NM","InternalName":"TBM31_CRT_PROG_NM","InputPicture":"","Type":"xs:string"},{"Name":"TBM31_UPD_DATETIME","Caption":"更新日時","default":"","IsKey":"false","ReadOnly":"false","AttributeType":"dtime","Description":"更新日時","Length":"9","Decimals":"8","Signed":"false","AllowDBNulls":"true","Domain":"D_Y4MD_HMS","InternalName":"TBM31_UPD_DATETIME","InputPicture":"9999/99/99 99:99:99","Type":"xs:string"},{"Name":"TBM31_UPD_USER_ID","Caption":"更新ユーザーID","default":"","IsKey":"false","ReadOnly":"false","AttributeType":"svchar","Description":"更新ユーザーID","Length":"128","Decimals":"0","Signed":"false","AllowDBNulls":"true","Domain":"D_TS_USER_ID","InternalName":"TBM31_UPD_USER_ID","InputPicture":"","Type":"xs:string"},{"Name":"TBM31_UPD_PROG_NM","Caption":"更新プログラム名","default":"","IsKey":"false","ReadOnly":"false","AttributeType":"svchar","Description":"更新プログラム名","Length":"40","Decimals":"0","Signed":"false","AllowDBNulls":"true","Domain":"D_TS_PG_NM","InternalName":"TBM31_UPD_PROG_NM","InputPicture":"","Type":"xs:string"},{"Name":"TBM31_UPD_CNT","Caption":"更新カウント","default":"0","IsKey":"false","ReadOnly":"false","AttributeType":"int","Description":"更新カウント","Length":"10","Decimals":"0","Signed":"false","AllowDBNulls":"true","Domain":"D_NO","InternalName":"TBM31_UPD_CNT","InputPicture":"ZZZZZZZZZ9","Type":"xs:int"}]}]},"Relations":{"ManyToOne":{"references":[{"Name":"TBM21_STUDYTBM31_STUDY_ID","BusinessComponent":"TBM21_STUDY","LevelName":"TBM31_CRF","Description":"試験マスタ","ForeignKey":{"KeyAttributes":[{"Name":"TBM31_STUDY_ID","Type":"int","AtributeSuperType":"TBM21_STUDY_ID"}]},"InferredAttributes":{"Attributes":[]}}]}}}
}
