{

"GxObject":{"ObjectType":"BusinessComponent","Name":"TBM36_CRF_SELECT","idConnectivitySupport":"idInherit","Structure":{"Levels":[{"Name":"Tbm36_crf_select","ParentLevel":"","LevelName":"TBM36_CRF_SELECT","Description":"CRF選択マスタ","Attributes":[{"Name":"TBM36_STUDY_ID","Caption":"試験ID","default":"0","IsKey":"true","ReadOnly":"false","AttributeType":"int","Description":"試験ID","Length":"10","Decimals":"0","Signed":"false","AllowDBNulls":"false","Domain":"D_STUDY_ID","InternalName":"TBM36_STUDY_ID","InputPicture":"ZZZZZZZZZ9","Type":"xs:int"},{"Name":"TBM36_CRF_ID","Caption":"CRFID","default":"0","IsKey":"true","ReadOnly":"false","AttributeType":"int","Description":"CRFID","Length":"4","Decimals":"0","Signed":"false","AllowDBNulls":"false","Domain":"D_CRF_ID","InternalName":"TBM36_CRF_ID","InputPicture":"ZZZ9","Type":"xs:int"},{"Name":"TBM36_COND_NO","Caption":"CRF条件番号","default":"0","IsKey":"true","ReadOnly":"false","AttributeType":"int","Description":"CRF条件番号","Length":"4","Decimals":"0","Signed":"false","AllowDBNulls":"false","Domain":"D_COND_NO","InternalName":"TBM36_COND_NO","InputPicture":"ZZZ9","Type":"xs:int"},{"Name":"TBM36_SELECT_CRF_ID","Caption":"選択CRFID","default":"0","IsKey":"true","ReadOnly":"false","AttributeType":"int","Description":"選択CRFID","Length":"4","Decimals":"0","Signed":"false","AllowDBNulls":"false","Domain":"D_CRF_ID","InternalName":"TBM36_SELECT_CRF_ID","InputPicture":"ZZZ9","Type":"xs:int"},{"Name":"TBM36_DEL_FLG","Caption":"削除フラグ","default":"","IsKey":"false","ReadOnly":"false","AttributeType":"svchar","Description":"削除フラグ","Length":"1","Decimals":"0","Signed":"false","AllowDBNulls":"true","Domain":"D_FLG","InternalName":"TBM36_DEL_FLG","DescriptionAtt":"true","InputPicture":"","Type":"xs:string"},{"Name":"TBM36_CRT_DATETIME","Caption":"作成日時","default":"","IsKey":"false","ReadOnly":"false","AttributeType":"dtime","Description":"作成日時","Length":"9","Decimals":"8","Signed":"false","AllowDBNulls":"true","Domain":"D_Y4MD_HMS","InternalName":"TBM36_CRT_DATETIME","InputPicture":"9999/99/99 99:99:99","Type":"xs:string"},{"Name":"TBM36_CRT_USER_ID","Caption":"作成ユーザーID","default":"","IsKey":"false","ReadOnly":"false","AttributeType":"svchar","Description":"作成ユーザーID","Length":"128","Decimals":"0","Signed":"false","AllowDBNulls":"true","Domain":"D_TS_USER_ID","InternalName":"TBM36_CRT_USER_ID","InputPicture":"","Type":"xs:string"},{"Name":"TBM36_CRT_PROG_NM","Caption":"作成プログラム名","default":"","IsKey":"false","ReadOnly":"false","AttributeType":"svchar","Description":"作成プログラム名","Length":"40","Decimals":"0","Signed":"false","AllowDBNulls":"true","Domain":"D_TS_PG_NM","InternalName":"TBM36_CRT_PROG_NM","InputPicture":"","Type":"xs:string"},{"Name":"TBM36_UPD_DATETIME","Caption":"更新日時","default":"","IsKey":"false","ReadOnly":"false","AttributeType":"dtime","Description":"更新日時","Length":"9","Decimals":"8","Signed":"false","AllowDBNulls":"true","Domain":"D_Y4MD_HMS","InternalName":"TBM36_UPD_DATETIME","InputPicture":"9999/99/99 99:99:99","Type":"xs:string"},{"Name":"TBM36_UPD_USER_ID","Caption":"更新ユーザーID","default":"","IsKey":"false","ReadOnly":"false","AttributeType":"svchar","Description":"更新ユーザーID","Length":"128","Decimals":"0","Signed":"false","AllowDBNulls":"true","Domain":"D_TS_USER_ID","InternalName":"TBM36_UPD_USER_ID","InputPicture":"","Type":"xs:string"},{"Name":"TBM36_UPD_PROG_NM","Caption":"更新プログラム名","default":"","IsKey":"false","ReadOnly":"false","AttributeType":"svchar","Description":"更新プログラム名","Length":"40","Decimals":"0","Signed":"false","AllowDBNulls":"true","Domain":"D_TS_PG_NM","InternalName":"TBM36_UPD_PROG_NM","InputPicture":"","Type":"xs:string"},{"Name":"TBM36_UPD_CNT","Caption":"更新カウント","default":"0","IsKey":"false","ReadOnly":"false","AttributeType":"int","Description":"更新カウント","Length":"10","Decimals":"0","Signed":"false","AllowDBNulls":"true","Domain":"D_NO","InternalName":"TBM36_UPD_CNT","InputPicture":"ZZZZZZZZZ9","Type":"xs:int"}]}]},"Relations":{"ManyToOne":{"references":[]}}}
}
