{

"GxObject":{"ObjectType":"BusinessComponent","Name":"TBM45_CRF_FILETR","idConnectivitySupport":"idInherit","Structure":{"Levels":[{"Name":"Tbm45_crf_filetr","ParentLevel":"","LevelName":"TBM45_CRF_FILETR","Description":"CRFフィルターマスタ","Attributes":[{"Name":"TBM45_STUDY_ID","Caption":"試験ID","default":"0","IsKey":"true","ReadOnly":"false","AttributeType":"int","Description":"試験ID","Length":"10","Decimals":"0","Signed":"false","AllowDBNulls":"false","Domain":"D_STUDY_ID","InternalName":"TBM45_STUDY_ID","InputPicture":"ZZZZZZZZZ9","Type":"xs:int"},{"Name":"TBM45_FILTER_NO","Caption":"フィルター番号","default":"0","IsKey":"true","ReadOnly":"false","AttributeType":"int","Description":"フィルター番号","Length":"4","Decimals":"0","Signed":"false","AllowDBNulls":"false","InternalName":"TBM45_FILTER_NO","InputPicture":"ZZZ9","Type":"xs:int"},{"Name":"TBM45_FILETR_NM","Caption":"フィルター名","default":"","IsKey":"false","ReadOnly":"false","AttributeType":"svchar","Description":"フィルター名","Length":"100","Decimals":"0","Signed":"false","AllowDBNulls":"true","InternalName":"TBM45_FILETR_NM","InputPicture":"","Type":"xs:string"},{"Name":"TBM45_IN_CRF_ID","Caption":"CRF_ID(IN条件用）　※C712_SD10に対応","default":"","IsKey":"false","ReadOnly":"false","AttributeType":"svchar","Description":"CRF_ID(IN条件用）　※C712_SD10に対応","Length":"1000","Decimals":"0","Signed":"false","AllowDBNulls":"true","InternalName":"TBM45_IN_CRF_ID","InputPicture":"","Type":"xs:string"},{"Name":"TBM45_DEL_FLG","Caption":"削除フラグ","default":"","IsKey":"false","ReadOnly":"false","AttributeType":"svchar","Description":"削除フラグ","Length":"1","Decimals":"0","Signed":"false","AllowDBNulls":"true","Domain":"D_FLG","InternalName":"TBM45_DEL_FLG","InputPicture":"","Type":"xs:string"},{"Name":"TBM45_CRT_DATETIME","Caption":"作成日時","default":"","IsKey":"false","ReadOnly":"false","AttributeType":"dtime","Description":"作成日時","Length":"9","Decimals":"8","Signed":"false","AllowDBNulls":"true","Domain":"D_Y4MD_HMS","InternalName":"TBM45_CRT_DATETIME","InputPicture":"9999/99/99 99:99:99","Type":"xs:string"},{"Name":"TBM45_CRT_USER_ID","Caption":"作成ユーザーID","default":"","IsKey":"false","ReadOnly":"false","AttributeType":"svchar","Description":"作成ユーザーID","Length":"128","Decimals":"0","Signed":"false","AllowDBNulls":"true","Domain":"D_TS_USER_ID","InternalName":"TBM45_CRT_USER_ID","InputPicture":"","Type":"xs:string"},{"Name":"TBM45_CRT_PROG_NM","Caption":"作成プログラム名","default":"","IsKey":"false","ReadOnly":"false","AttributeType":"svchar","Description":"作成プログラム名","Length":"40","Decimals":"0","Signed":"false","AllowDBNulls":"true","Domain":"D_TS_PG_NM","InternalName":"TBM45_CRT_PROG_NM","InputPicture":"","Type":"xs:string"},{"Name":"TBM45_UPD_DATETIME","Caption":"更新日時","default":"","IsKey":"false","ReadOnly":"false","AttributeType":"dtime","Description":"更新日時","Length":"9","Decimals":"8","Signed":"false","AllowDBNulls":"true","Domain":"D_Y4MD_HMS","InternalName":"TBM45_UPD_DATETIME","InputPicture":"9999/99/99 99:99:99","Type":"xs:string"},{"Name":"TBM45_UPD_USER_ID","Caption":"更新ユーザーID","default":"","IsKey":"false","ReadOnly":"false","AttributeType":"svchar","Description":"更新ユーザーID","Length":"128","Decimals":"0","Signed":"false","AllowDBNulls":"true","Domain":"D_TS_USER_ID","InternalName":"TBM45_UPD_USER_ID","InputPicture":"","Type":"xs:string"},{"Name":"TBM45_UPD_PROG_NM","Caption":"更新プログラム名","default":"","IsKey":"false","ReadOnly":"false","AttributeType":"svchar","Description":"更新プログラム名","Length":"40","Decimals":"0","Signed":"false","AllowDBNulls":"true","Domain":"D_TS_PG_NM","InternalName":"TBM45_UPD_PROG_NM","InputPicture":"","Type":"xs:string"},{"Name":"TBM45_UPD_CNT","Caption":"更新カウント","default":"0","IsKey":"false","ReadOnly":"false","AttributeType":"int","Description":"更新カウント","Length":"10","Decimals":"0","Signed":"false","AllowDBNulls":"true","Domain":"D_NO","InternalName":"TBM45_UPD_CNT","InputPicture":"ZZZZZZZZZ9","Type":"xs:int"}]}]},"Relations":{"ManyToOne":{"references":[]}}}
}
