{

"GxObject":{"ObjectType":"BusinessComponent","Name":"TBM44_CRF_VISIT","idConnectivitySupport":"idInherit","Structure":{"Levels":[{"Name":"Tbm44_crf_visit","ParentLevel":"","LevelName":"TBM44_CRF_VISIT","Description":"CRF-VISIT番号対応マスタ","Attributes":[{"Name":"TBM44_STUDY_ID","Caption":"試験ID","default":"0","IsKey":"true","ReadOnly":"false","AttributeType":"int","Description":"試験ID","Length":"10","Decimals":"0","Signed":"false","AllowDBNulls":"false","Domain":"D_STUDY_ID","InternalName":"TBM44_STUDY_ID","InputPicture":"ZZZZZZZZZ9","Type":"xs:int"},{"Name":"TBM44_CRF_ID","Caption":"CRF_ID","default":"0","IsKey":"true","ReadOnly":"false","AttributeType":"int","Description":"CRF_ID","Length":"4","Decimals":"0","Signed":"false","AllowDBNulls":"false","Domain":"D_CRF_ID","InternalName":"TBM44_CRF_ID","InputPicture":"ZZZ9","Type":"xs:int"},{"Name":"TBM44_CRF_EDA_NO","Caption":"CRF枝番","default":"0","IsKey":"true","ReadOnly":"false","AttributeType":"int","Description":"CRF枝番","Length":"2","Decimals":"0","Signed":"false","AllowDBNulls":"false","Domain":"D_CRF_EDA_NO","InternalName":"TBM44_CRF_EDA_NO","InputPicture":"Z9","Type":"xs:int"},{"Name":"TBM44_VISIT_NO","Caption":"VISIT番号","default":"0","IsKey":"false","ReadOnly":"false","AttributeType":"int","Description":"VISIT番号","Length":"6","Decimals":"0","Signed":"false","AllowDBNulls":"true","Domain":"D_VISIT_NO","InternalName":"TBM44_VISIT_NO","DescriptionAtt":"true","InputPicture":"ZZZZZ9","Type":"xs:int"},{"Name":"TBM44_DEL_FLG","Caption":"削除フラグ","default":"","IsKey":"false","ReadOnly":"false","AttributeType":"svchar","Description":"削除フラグ","Length":"1","Decimals":"0","Signed":"false","AllowDBNulls":"true","Domain":"D_FLG","InternalName":"TBM44_DEL_FLG","InputPicture":"","Type":"xs:string"},{"Name":"TBM44_CRT_DATETIME","Caption":"作成日時","default":"","IsKey":"false","ReadOnly":"false","AttributeType":"dtime","Description":"作成日時","Length":"9","Decimals":"8","Signed":"false","AllowDBNulls":"true","Domain":"D_Y4MD_HMS","InternalName":"TBM44_CRT_DATETIME","InputPicture":"9999/99/99 99:99:99","Type":"xs:string"},{"Name":"TBM44_CRT_USER_ID","Caption":"作成ユーザーID","default":"","IsKey":"false","ReadOnly":"false","AttributeType":"svchar","Description":"作成ユーザーID","Length":"128","Decimals":"0","Signed":"false","AllowDBNulls":"true","Domain":"D_TS_USER_ID","InternalName":"TBM44_CRT_USER_ID","InputPicture":"","Type":"xs:string"},{"Name":"TBM44_CRT_PROG_NM","Caption":"作成プログラム名","default":"","IsKey":"false","ReadOnly":"false","AttributeType":"svchar","Description":"作成プログラム名","Length":"40","Decimals":"0","Signed":"false","AllowDBNulls":"true","Domain":"D_TS_PG_NM","InternalName":"TBM44_CRT_PROG_NM","InputPicture":"","Type":"xs:string"},{"Name":"TBM44_UPD_DATETIME","Caption":"更新日時","default":"","IsKey":"false","ReadOnly":"false","AttributeType":"dtime","Description":"更新日時","Length":"9","Decimals":"8","Signed":"false","AllowDBNulls":"true","Domain":"D_Y4MD_HMS","InternalName":"TBM44_UPD_DATETIME","InputPicture":"9999/99/99 99:99:99","Type":"xs:string"},{"Name":"TBM44_UPD_USER_ID","Caption":"更新ユーザーID","default":"","IsKey":"false","ReadOnly":"false","AttributeType":"svchar","Description":"更新ユーザーID","Length":"128","Decimals":"0","Signed":"false","AllowDBNulls":"true","Domain":"D_TS_USER_ID","InternalName":"TBM44_UPD_USER_ID","InputPicture":"","Type":"xs:string"},{"Name":"TBM44_UPD_PROG_NM","Caption":"更新プログラム名","default":"","IsKey":"false","ReadOnly":"false","AttributeType":"svchar","Description":"更新プログラム名","Length":"40","Decimals":"0","Signed":"false","AllowDBNulls":"true","Domain":"D_TS_PG_NM","InternalName":"TBM44_UPD_PROG_NM","InputPicture":"","Type":"xs:string"},{"Name":"TBM44_UPD_CNT","Caption":"更新カウント","default":"0","IsKey":"false","ReadOnly":"false","AttributeType":"int","Description":"更新カウント","Length":"10","Decimals":"0","Signed":"false","AllowDBNulls":"true","Domain":"D_NO","InternalName":"TBM44_UPD_CNT","InputPicture":"ZZZZZZZZZ9","Type":"xs:int"}]}]},"Relations":{"ManyToOne":{"references":[]}}}
}
