{

"GxObject":{"ObjectType":"BusinessComponent","Name":"TBT01_SUBJECT","idConnectivitySupport":"idInherit","Structure":{"Levels":[{"Name":"Tbt01_subject","ParentLevel":"","LevelName":"TBT01_SUBJECT","Description":"患者テーブル","Attributes":[{"Name":"TBT01_STUDY_ID","Caption":"試験ID","default":"0","IsKey":"true","ReadOnly":"false","AttributeType":"int","Description":"試験ID","Length":"10","Decimals":"0","Signed":"false","AllowDBNulls":"false","Domain":"D_STUDY_ID","InternalName":"TBT01_STUDY_ID","InputPicture":"ZZZZZZZZZ9","Type":"xs:int"},{"Name":"TBT01_SUBJECT_ID","Caption":"患者ID","default":"0","IsKey":"true","ReadOnly":"false","AttributeType":"int","Description":"患者ID","Length":"6","Decimals":"0","Signed":"false","AllowDBNulls":"false","Domain":"D_SUBJECT_ID","InternalName":"TBT01_SUBJECT_ID","InputPicture":"ZZZZZ9","Type":"xs:int"},{"Name":"TBT01_OUTER_SUBJECT_ID","Caption":"外部患者ID","default":"","IsKey":"false","ReadOnly":"false","AttributeType":"svchar","Description":"外部患者ID","Length":"6","Decimals":"0","Signed":"false","AllowDBNulls":"true","InternalName":"TBT01_OUTER_SUBJECT_ID","DescriptionAtt":"true","InputPicture":"","Type":"xs:string"},{"Name":"TBT01_SITE_ID","Caption":"施設ID","default":"","IsKey":"false","ReadOnly":"false","AttributeType":"svchar","Description":"施設ID","Length":"20","Decimals":"0","Signed":"false","AllowDBNulls":"true","Domain":"D_SITE_ID","InternalName":"TBT01_SITE_ID","InputPicture":"","Type":"xs:string"},{"Name":"TBT01_DEL_FLG","Caption":"削除フラグ","default":"","IsKey":"false","ReadOnly":"false","AttributeType":"svchar","Description":"削除フラグ","Length":"1","Decimals":"0","Signed":"false","AllowDBNulls":"true","Domain":"D_FLG","InternalName":"TBT01_DEL_FLG","InputPicture":"","Type":"xs:string"},{"Name":"TBT01_CRT_DATETIME","Caption":"作成日時","default":"","IsKey":"false","ReadOnly":"false","AttributeType":"dtime","Description":"作成日時","Length":"9","Decimals":"8","Signed":"false","AllowDBNulls":"true","Domain":"D_Y4MD_HMS","InternalName":"TBT01_CRT_DATETIME","InputPicture":"9999/99/99 99:99:99","Type":"xs:string"},{"Name":"TBT01_CRT_USER_ID","Caption":"作成ユーザーID","default":"","IsKey":"false","ReadOnly":"false","AttributeType":"svchar","Description":"作成ユーザーID","Length":"128","Decimals":"0","Signed":"false","AllowDBNulls":"true","Domain":"D_TS_USER_ID","InternalName":"TBT01_CRT_USER_ID","InputPicture":"","Type":"xs:string"},{"Name":"TBT01_CRT_PROG_NM","Caption":"作成プログラム名","default":"","IsKey":"false","ReadOnly":"false","AttributeType":"svchar","Description":"作成プログラム名","Length":"40","Decimals":"0","Signed":"false","AllowDBNulls":"true","Domain":"D_TS_PG_NM","InternalName":"TBT01_CRT_PROG_NM","InputPicture":"","Type":"xs:string"},{"Name":"TBT01_UPD_DATETIME","Caption":"更新日時","default":"","IsKey":"false","ReadOnly":"false","AttributeType":"dtime","Description":"更新日時","Length":"9","Decimals":"8","Signed":"false","AllowDBNulls":"true","Domain":"D_Y4MD_HMS","InternalName":"TBT01_UPD_DATETIME","InputPicture":"9999/99/99 99:99:99","Type":"xs:string"},{"Name":"TBT01_UPD_USER_ID","Caption":"更新ユーザーID","default":"","IsKey":"false","ReadOnly":"false","AttributeType":"svchar","Description":"更新ユーザーID","Length":"128","Decimals":"0","Signed":"false","AllowDBNulls":"true","Domain":"D_TS_USER_ID","InternalName":"TBT01_UPD_USER_ID","InputPicture":"","Type":"xs:string"},{"Name":"TBT01_UPD_PROG_NM","Caption":"更新プログラム名","default":"","IsKey":"false","ReadOnly":"false","AttributeType":"svchar","Description":"更新プログラム名","Length":"40","Decimals":"0","Signed":"false","AllowDBNulls":"true","Domain":"D_TS_PG_NM","InternalName":"TBT01_UPD_PROG_NM","InputPicture":"","Type":"xs:string"},{"Name":"TBT01_UPD_CNT","Caption":"更新カウント","default":"0","IsKey":"false","ReadOnly":"false","AttributeType":"int","Description":"更新カウント","Length":"10","Decimals":"0","Signed":"false","AllowDBNulls":"true","Domain":"D_NO","InternalName":"TBT01_UPD_CNT","InputPicture":"ZZZZZZZZZ9","Type":"xs:int"}]}]},"Relations":{"ManyToOne":{"references":[]}}}
}
