{

"GxObject":{"ObjectType":"BusinessComponent","Name":"TBT02_CRF","idConnectivitySupport":"idInherit","Structure":{"Levels":[{"Name":"Tbt02_crf","ParentLevel":"","LevelName":"TBT02_CRF","Description":"CRFテーブル","Attributes":[{"Name":"TBT02_STUDY_ID","Caption":"試験ID","default":"0","SuperType":"TBT01_STUDY_ID","SubtypeGroup":"SG_TBT02_SUBJECT","IsKey":"true","ReadOnly":"false","AttributeType":"int","Description":"試験ID","Length":"10","Decimals":"0","Signed":"false","AllowDBNulls":"false","Domain":"D_STUDY_ID","InternalName":"TBT02_STUDY_ID","InputPicture":"ZZZZZZZZZ9","Type":"xs:int"},{"Name":"TBT02_SUBJECT_ID","Caption":"患者ID","default":"0","SuperType":"TBT01_SUBJECT_ID","SubtypeGroup":"SG_TBT02_SUBJECT","IsKey":"true","ReadOnly":"false","AttributeType":"int","Description":"患者ID","Length":"6","Decimals":"0","Signed":"false","AllowDBNulls":"false","Domain":"D_SUBJECT_ID","InternalName":"TBT02_SUBJECT_ID","InputPicture":"ZZZZZ9","Type":"xs:int"},{"Name":"TBT02_CRF_ID","Caption":"CRFID","default":"0","IsKey":"true","ReadOnly":"false","AttributeType":"int","Description":"CRFID","Length":"4","Decimals":"0","Signed":"false","AllowDBNulls":"false","Domain":"D_CRF_ID","InternalName":"TBT02_CRF_ID","InputPicture":"ZZZ9","Type":"xs:int"},{"Name":"TBT02_CRF_EDA_NO","Caption":"CRF枝番","default":"0","IsKey":"true","ReadOnly":"false","AttributeType":"int","Description":"CRF枝番","Length":"2","Decimals":"0","Signed":"false","AllowDBNulls":"false","InternalName":"TBT02_CRF_EDA_NO","InputPicture":"Z9","Type":"xs:int"},{"Name":"TBT02_CRF_LATEST_VERSION","Caption":"CRF最新更新バージョン","default":"0","IsKey":"false","ReadOnly":"false","AttributeType":"int","Description":"CRF最新更新バージョン","Length":"4","Decimals":"0","Signed":"false","AllowDBNulls":"true","Domain":"D_CRF_VERSION","InternalName":"TBT02_CRF_LATEST_VERSION","DescriptionAtt":"true","InputPicture":"ZZZ9","Type":"xs:int"},{"Name":"TBT02_CRF_INPUT_LEVEL","Caption":"CRF入力権限レベル","default":"0","IsKey":"false","ReadOnly":"false","AttributeType":"int","Description":"CRF入力権限レベル","Length":"2","Decimals":"0","Signed":"false","AllowDBNulls":"true","InternalName":"TBT02_CRF_INPUT_LEVEL","InputPicture":"Z9","Type":"xs:int"},{"Name":"TBT02_LOCK_FLG","Caption":"ロックフラグ","default":"","IsKey":"false","ReadOnly":"false","AttributeType":"svchar","Description":"ロックフラグ","Length":"1","Decimals":"0","Signed":"false","AllowDBNulls":"true","Domain":"D_FLG","InternalName":"TBT02_LOCK_FLG","InputPicture":"","Type":"xs:string"},{"Name":"TBT02_LOCK_DATETIME","Caption":"ロック日時","default":"","IsKey":"false","ReadOnly":"false","AttributeType":"dtime","Description":"ロック日時","Length":"9","Decimals":"8","Signed":"false","AllowDBNulls":"true","Domain":"D_Y4MD_HMS","InternalName":"TBT02_LOCK_DATETIME","InputPicture":"9999/99/99 99:99:99","Type":"xs:string"},{"Name":"TBT02_LOCK_USER_ID","Caption":"ロック中ユーザーID","default":"","IsKey":"false","ReadOnly":"false","AttributeType":"svchar","Description":"ロック中ユーザーID","Length":"128","Decimals":"0","Signed":"false","AllowDBNulls":"true","Domain":"D_USER_ID","InternalName":"TBT02_LOCK_USER_ID","InputPicture":"","Type":"xs:string"},{"Name":"TBT02_LOCK_AUTH_CD","Caption":"ロック時権限コード","default":"","IsKey":"false","ReadOnly":"false","AttributeType":"svchar","Description":"ロック時権限コード","Length":"2","Decimals":"0","Signed":"false","AllowDBNulls":"true","Domain":"D_AUTH_CD","InternalName":"TBT02_LOCK_AUTH_CD","InputPicture":"","Type":"xs:string"},{"Name":"TBT02_UPLOAD_DATETIME","Caption":"アップロード日時","default":"","IsKey":"false","ReadOnly":"false","AttributeType":"dtime","Description":"アップロード日時","Length":"9","Decimals":"8","Signed":"false","AllowDBNulls":"true","Domain":"D_Y4MD_HMS","InternalName":"TBT02_UPLOAD_DATETIME","InputPicture":"9999/99/99 99:99:99","Type":"xs:string"},{"Name":"TBT02_UPLOAD_USER_ID","Caption":"アップロードユーザーID","default":"","IsKey":"false","ReadOnly":"false","AttributeType":"svchar","Description":"アップロードユーザーID","Length":"128","Decimals":"0","Signed":"false","AllowDBNulls":"true","Domain":"D_USER_ID","InternalName":"TBT02_UPLOAD_USER_ID","InputPicture":"","Type":"xs:string"},{"Name":"TBT02_UPLOAD_AUTH_CD","Caption":"アップロード時権限コード","default":"","IsKey":"false","ReadOnly":"false","AttributeType":"svchar","Description":"アップロード時権限コード","Length":"2","Decimals":"0","Signed":"false","AllowDBNulls":"true","Domain":"D_AUTH_CD","InternalName":"TBT02_UPLOAD_AUTH_CD","InputPicture":"","Type":"xs:string"},{"Name":"TBT02_DM_ARRIVAL_FLG","Caption":"DM到着フラグ","default":"","IsKey":"false","ReadOnly":"false","AttributeType":"svchar","Description":"DM到着フラグ","Length":"1","Decimals":"0","Signed":"false","AllowDBNulls":"true","Domain":"D_FLG","InternalName":"TBT02_DM_ARRIVAL_FLG","InputPicture":"","Type":"xs:string"},{"Name":"TBT02_DM_ARRIVAL_DATETIME","Caption":"DM到着日時","default":"","IsKey":"false","ReadOnly":"false","AttributeType":"dtime","Description":"DM到着日時","Length":"9","Decimals":"8","Signed":"false","AllowDBNulls":"true","Domain":"D_Y4MD_HMS","InternalName":"TBT02_DM_ARRIVAL_DATETIME","InputPicture":"9999/99/99 99:99:99","Type":"xs:string"},{"Name":"TBT02_APPROVAL_FLG","Caption":"承認フラグ","default":"","IsKey":"false","ReadOnly":"false","AttributeType":"svchar","Description":"承認フラグ","Length":"1","Decimals":"0","Signed":"false","AllowDBNulls":"true","Domain":"D_FLG","InternalName":"TBT02_APPROVAL_FLG","InputPicture":"","Type":"xs:string"},{"Name":"TBT02_APPROVAL_DATETIME","Caption":"承認日時","default":"","IsKey":"false","ReadOnly":"false","AttributeType":"dtime","Description":"承認日時","Length":"9","Decimals":"8","Signed":"false","AllowDBNulls":"true","Domain":"D_Y4MD_HMS","InternalName":"TBT02_APPROVAL_DATETIME","InputPicture":"9999/99/99 99:99:99","Type":"xs:string"},{"Name":"TBT02_APPROVAL_USER_ID","Caption":"承認ユーザーID","default":"","IsKey":"false","ReadOnly":"false","AttributeType":"svchar","Description":"承認ユーザーID","Length":"128","Decimals":"0","Signed":"false","AllowDBNulls":"true","Domain":"D_USER_ID","InternalName":"TBT02_APPROVAL_USER_ID","InputPicture":"","Type":"xs:string"},{"Name":"TBT02_APPROVAL_AUTH_CD","Caption":"承認時権限コード","default":"","IsKey":"false","ReadOnly":"false","AttributeType":"svchar","Description":"承認時権限コード","Length":"2","Decimals":"0","Signed":"false","AllowDBNulls":"true","Domain":"D_AUTH_CD","InternalName":"TBT02_APPROVAL_AUTH_CD","InputPicture":"","Type":"xs:string"},{"Name":"TBT02_SIGNATURE_FLG","Caption":"署名フラグ","default":"","IsKey":"false","ReadOnly":"false","AttributeType":"svchar","Description":"署名フラグ","Length":"1","Decimals":"0","Signed":"false","AllowDBNulls":"true","Domain":"D_FLG","InternalName":"TBT02_SIGNATURE_FLG","InputPicture":"","Type":"xs:string"},{"Name":"TBT02_SIGNATURE_DATETIME","Caption":"署名日時","default":"","IsKey":"false","ReadOnly":"false","AttributeType":"dtime","Description":"署名日時","Length":"9","Decimals":"8","Signed":"false","AllowDBNulls":"true","Domain":"D_Y4MD_HMS","InternalName":"TBT02_SIGNATURE_DATETIME","InputPicture":"9999/99/99 99:99:99","Type":"xs:string"},{"Name":"TBT02_SIGNATURE_USER_ID","Caption":"署名ユーザーID","default":"","IsKey":"false","ReadOnly":"false","AttributeType":"svchar","Description":"署名ユーザーID","Length":"128","Decimals":"0","Signed":"false","AllowDBNulls":"true","Domain":"D_USER_ID","InternalName":"TBT02_SIGNATURE_USER_ID","InputPicture":"","Type":"xs:string"},{"Name":"TBT02_INPUT_END_FLG","Caption":"データ固定フラグ","default":"","IsKey":"false","ReadOnly":"false","AttributeType":"svchar","Description":"データ固定フラグ","Length":"1","Decimals":"0","Signed":"false","AllowDBNulls":"true","Domain":"D_FLG","InternalName":"TBT02_INPUT_END_FLG","InputPicture":"","Type":"xs:string"},{"Name":"TBT02_INPUT_END_DATETIME","Caption":"データ固定日時","default":"","IsKey":"false","ReadOnly":"false","AttributeType":"dtime","Description":"データ固定日時","Length":"9","Decimals":"8","Signed":"false","AllowDBNulls":"true","Domain":"D_Y4MD_HMS","InternalName":"TBT02_INPUT_END_DATETIME","InputPicture":"9999/99/99 99:99:99","Type":"xs:string"},{"Name":"TBT02_INPUT_END_USER_ID","Caption":"データ固定ユーザーID","default":"","IsKey":"false","ReadOnly":"false","AttributeType":"svchar","Description":"データ固定ユーザーID","Length":"128","Decimals":"0","Signed":"false","AllowDBNulls":"true","Domain":"D_USER_ID","InternalName":"TBT02_INPUT_END_USER_ID","InputPicture":"","Type":"xs:string"},{"Name":"TBT02_INPUT_END_AUTH_CD","Caption":"データ固定時権限コード","default":"","IsKey":"false","ReadOnly":"false","AttributeType":"svchar","Description":"データ固定時権限コード","Length":"2","Decimals":"0","Signed":"false","AllowDBNulls":"true","Domain":"D_AUTH_CD","InternalName":"TBT02_INPUT_END_AUTH_CD","InputPicture":"","Type":"xs:string"},{"Name":"TBT02_DEL_FLG","Caption":"削除フラグ","default":"","IsKey":"false","ReadOnly":"false","AttributeType":"svchar","Description":"削除フラグ","Length":"1","Decimals":"0","Signed":"false","AllowDBNulls":"true","Domain":"D_FLG","InternalName":"TBT02_DEL_FLG","InputPicture":"","Type":"xs:string"},{"Name":"TBT02_CRT_DATETIME","Caption":"作成日時","default":"","IsKey":"false","ReadOnly":"false","AttributeType":"dtime","Description":"作成日時","Length":"9","Decimals":"8","Signed":"false","AllowDBNulls":"true","Domain":"D_Y4MD_HMS","InternalName":"TBT02_CRT_DATETIME","InputPicture":"9999/99/99 99:99:99","Type":"xs:string"},{"Name":"TBT02_CRT_USER_ID","Caption":"作成ユーザーID","default":"","IsKey":"false","ReadOnly":"false","AttributeType":"svchar","Description":"作成ユーザーID","Length":"128","Decimals":"0","Signed":"false","AllowDBNulls":"true","Domain":"D_TS_USER_ID","InternalName":"TBT02_CRT_USER_ID","InputPicture":"","Type":"xs:string"},{"Name":"TBT02_CRT_PROG_NM","Caption":"作成プログラム名","default":"","IsKey":"false","ReadOnly":"false","AttributeType":"svchar","Description":"作成プログラム名","Length":"40","Decimals":"0","Signed":"false","AllowDBNulls":"true","Domain":"D_TS_PG_NM","InternalName":"TBT02_CRT_PROG_NM","InputPicture":"","Type":"xs:string"},{"Name":"TBT02_UPD_DATETIME","Caption":"更新日時","default":"","IsKey":"false","ReadOnly":"false","AttributeType":"dtime","Description":"更新日時","Length":"9","Decimals":"8","Signed":"false","AllowDBNulls":"true","Domain":"D_Y4MD_HMS","InternalName":"TBT02_UPD_DATETIME","InputPicture":"9999/99/99 99:99:99","Type":"xs:string"},{"Name":"TBT02_UPD_USER_ID","Caption":"更新ユーザーID","default":"","IsKey":"false","ReadOnly":"false","AttributeType":"svchar","Description":"更新ユーザーID","Length":"128","Decimals":"0","Signed":"false","AllowDBNulls":"true","Domain":"D_TS_USER_ID","InternalName":"TBT02_UPD_USER_ID","InputPicture":"","Type":"xs:string"},{"Name":"TBT02_UPD_PROG_NM","Caption":"更新プログラム名","default":"","IsKey":"false","ReadOnly":"false","AttributeType":"svchar","Description":"更新プログラム名","Length":"40","Decimals":"0","Signed":"false","AllowDBNulls":"true","Domain":"D_TS_PG_NM","InternalName":"TBT02_UPD_PROG_NM","InputPicture":"","Type":"xs:string"},{"Name":"TBT02_UPD_CNT","Caption":"更新カウント","default":"0","IsKey":"false","ReadOnly":"false","AttributeType":"int","Description":"更新カウント","Length":"10","Decimals":"0","Signed":"false","AllowDBNulls":"true","Domain":"D_NO","InternalName":"TBT02_UPD_CNT","InputPicture":"ZZZZZZZZZ9","Type":"xs:int"}]}]},"Relations":{"ManyToOne":{"references":[{"Name":"TBT01_SUBJECTTBT02_STUDY_IDTBT02_SUBJECT_ID","BusinessComponent":"TBT01_SUBJECT","LevelName":"TBT02_CRF","Description":"患者テーブル","ForeignKey":{"KeyAttributes":[{"Name":"TBT02_STUDY_ID","Type":"int","AtributeSuperType":"TBT01_STUDY_ID"},{"Name":"TBT02_SUBJECT_ID","Type":"int","AtributeSuperType":"TBT01_SUBJECT_ID"}]},"InferredAttributes":{"Attributes":[]}}]}}}
}
