{

"GxObject":{"ObjectType":"BusinessComponent","Name":"TBT14_CRF_MEMO","idConnectivitySupport":"idInherit","Structure":{"Levels":[{"Name":"Tbt14_crf_memo","ParentLevel":"","LevelName":"TBT14_CRF_MEMO","Description":"CRFメモテーブル","Attributes":[{"Name":"TBT14_STUDY_ID","Caption":"試験ID","default":"0","SuperType":"TBT01_STUDY_ID","SubtypeGroup":"SG_TBT14_SUBJECT","IsKey":"true","ReadOnly":"false","AttributeType":"int","Description":"試験ID","Length":"10","Decimals":"0","Signed":"false","AllowDBNulls":"false","Domain":"D_STUDY_ID","InternalName":"TBT14_STUDY_ID","InputPicture":"ZZZZZZZZZ9","Type":"xs:int"},{"Name":"TBT14_SUBJECT_ID","Caption":"患者ID","default":"0","SuperType":"TBT01_SUBJECT_ID","SubtypeGroup":"SG_TBT14_SUBJECT","IsKey":"true","ReadOnly":"false","AttributeType":"int","Description":"患者ID","Length":"6","Decimals":"0","Signed":"false","AllowDBNulls":"false","Domain":"D_SUBJECT_ID","InternalName":"TBT14_SUBJECT_ID","InputPicture":"ZZZZZ9","Type":"xs:int"},{"Name":"TBT14_MEMO_NO","Caption":"メモ番号","default":"0","IsKey":"true","ReadOnly":"false","AttributeType":"int","Description":"メモ番号","Length":"3","Decimals":"0","Signed":"false","AllowDBNulls":"false","InternalName":"TBT14_MEMO_NO","InputPicture":"ZZ9","Type":"xs:int"},{"Name":"TBT14_CRF_ID","Caption":"CRFID","default":"0","IsKey":"false","ReadOnly":"false","AttributeType":"int","Description":"CRFID","Length":"4","Decimals":"0","Signed":"false","AllowDBNulls":"true","Domain":"D_CRF_ID","InternalName":"TBT14_CRF_ID","DescriptionAtt":"true","InputPicture":"ZZZ9","Type":"xs:int"},{"Name":"TBT14_CRF_EDA_NO","Caption":"CRF枝番","default":"0","IsKey":"false","ReadOnly":"false","AttributeType":"int","Description":"CRF枝番","Length":"2","Decimals":"0","Signed":"false","AllowDBNulls":"true","InternalName":"TBT14_CRF_EDA_NO","InputPicture":"Z9","Type":"xs:int"},{"Name":"TBT14_CRF_VERSION","Caption":"CRF更新バージョン","default":"0","IsKey":"false","ReadOnly":"false","AttributeType":"int","Description":"CRF更新バージョン","Length":"4","Decimals":"0","Signed":"false","AllowDBNulls":"true","Domain":"D_CRF_VERSION","InternalName":"TBT14_CRF_VERSION","InputPicture":"ZZZ9","Type":"xs:int"},{"Name":"TBT14_MEMO_KBN","Caption":"メモ区分（1:個人メモ 2:連絡メモ）","default":"","IsKey":"false","ReadOnly":"false","AttributeType":"svchar","Description":"メモ区分（1:個人メモ 2:連絡メモ）","Length":"1","Decimals":"0","Signed":"false","AllowDBNulls":"true","InternalName":"TBT14_MEMO_KBN","InputPicture":"","Type":"xs:string"},{"Name":"TBT14_MEMO","Caption":"メモ","default":"","IsKey":"false","ReadOnly":"false","AttributeType":"svchar","Description":"メモ","Length":"2000","Decimals":"0","Signed":"false","AllowDBNulls":"true","InternalName":"TBT14_MEMO","InputPicture":"","Type":"xs:string"},{"Name":"TBT14_REQUEST_SITE_ID","Caption":"連絡先施設ID","default":"","IsKey":"false","ReadOnly":"false","AttributeType":"svchar","Description":"連絡先施設ID","Length":"20","Decimals":"0","Signed":"false","AllowDBNulls":"true","Domain":"D_SITE_ID","InternalName":"TBT14_REQUEST_SITE_ID","InputPicture":"","Type":"xs:string"},{"Name":"TBT14_REQUEST_AUTH_CD","Caption":"連絡先権限コード","default":"","IsKey":"false","ReadOnly":"false","AttributeType":"svchar","Description":"連絡先権限コード","Length":"2","Decimals":"0","Signed":"false","AllowDBNulls":"true","Domain":"D_AUTH_CD","InternalName":"TBT14_REQUEST_AUTH_CD","InputPicture":"","Type":"xs:string"},{"Name":"TBT14_CRT_AUTH_CD","Caption":"作成者権限コード","default":"","IsKey":"false","ReadOnly":"false","AttributeType":"svchar","Description":"作成者権限コード","Length":"2","Decimals":"0","Signed":"false","AllowDBNulls":"true","Domain":"D_AUTH_CD","InternalName":"TBT14_CRT_AUTH_CD","InputPicture":"","Type":"xs:string"},{"Name":"TBT14_KAKUNIN_FLG","Caption":"確認フラグ","default":"","IsKey":"false","ReadOnly":"false","AttributeType":"svchar","Description":"確認フラグ","Length":"1","Decimals":"0","Signed":"false","AllowDBNulls":"true","Domain":"D_FLG","InternalName":"TBT14_KAKUNIN_FLG","InputPicture":"","Type":"xs:string"},{"Name":"TBT14_KAKUNIN_USER_ID","Caption":"確認ユーザーID","default":"","IsKey":"false","ReadOnly":"false","AttributeType":"svchar","Description":"確認ユーザーID","Length":"128","Decimals":"0","Signed":"false","AllowDBNulls":"true","Domain":"D_USER_ID","InternalName":"TBT14_KAKUNIN_USER_ID","InputPicture":"","Type":"xs:string"},{"Name":"TBT14_KAKUNIN_COMMENT","Caption":"確認コメント","default":"","IsKey":"false","ReadOnly":"false","AttributeType":"svchar","Description":"確認コメント","Length":"2000","Decimals":"0","Signed":"false","AllowDBNulls":"true","InternalName":"TBT14_KAKUNIN_COMMENT","InputPicture":"","Type":"xs:string"},{"Name":"TBT14_KANRYO_FLG","Caption":"完了フラグ","default":"","IsKey":"false","ReadOnly":"false","AttributeType":"svchar","Description":"完了フラグ","Length":"1","Decimals":"0","Signed":"false","AllowDBNulls":"true","Domain":"D_FLG","InternalName":"TBT14_KANRYO_FLG","InputPicture":"","Type":"xs:string"},{"Name":"TBT14_DEL_FLG","Caption":"削除フラグ","default":"","IsKey":"false","ReadOnly":"false","AttributeType":"svchar","Description":"削除フラグ","Length":"1","Decimals":"0","Signed":"false","AllowDBNulls":"true","Domain":"D_FLG","InternalName":"TBT14_DEL_FLG","InputPicture":"","Type":"xs:string"},{"Name":"TBT14_CRT_DATETIME","Caption":"作成日時","default":"","IsKey":"false","ReadOnly":"false","AttributeType":"dtime","Description":"作成日時","Length":"9","Decimals":"8","Signed":"false","AllowDBNulls":"true","Domain":"D_Y4MD_HMS","InternalName":"TBT14_CRT_DATETIME","InputPicture":"9999/99/99 99:99:99","Type":"xs:string"},{"Name":"TBT14_CRT_USER_ID","Caption":"作成ユーザーID","default":"","IsKey":"false","ReadOnly":"false","AttributeType":"svchar","Description":"作成ユーザーID","Length":"128","Decimals":"0","Signed":"false","AllowDBNulls":"true","Domain":"D_TS_USER_ID","InternalName":"TBT14_CRT_USER_ID","InputPicture":"","Type":"xs:string"},{"Name":"TBT14_CRT_PROG_NM","Caption":"作成プログラム名","default":"","IsKey":"false","ReadOnly":"false","AttributeType":"svchar","Description":"作成プログラム名","Length":"40","Decimals":"0","Signed":"false","AllowDBNulls":"true","Domain":"D_TS_PG_NM","InternalName":"TBT14_CRT_PROG_NM","InputPicture":"","Type":"xs:string"},{"Name":"TBT14_UPD_DATETIME","Caption":"更新日時","default":"","IsKey":"false","ReadOnly":"false","AttributeType":"dtime","Description":"更新日時","Length":"9","Decimals":"8","Signed":"false","AllowDBNulls":"true","Domain":"D_Y4MD_HMS","InternalName":"TBT14_UPD_DATETIME","InputPicture":"9999/99/99 99:99:99","Type":"xs:string"},{"Name":"TBT14_UPD_USER_ID","Caption":"更新ユーザーID","default":"","IsKey":"false","ReadOnly":"false","AttributeType":"svchar","Description":"更新ユーザーID","Length":"128","Decimals":"0","Signed":"false","AllowDBNulls":"true","Domain":"D_TS_USER_ID","InternalName":"TBT14_UPD_USER_ID","InputPicture":"","Type":"xs:string"},{"Name":"TBT14_UPD_PROG_NM","Caption":"更新プログラム名","default":"","IsKey":"false","ReadOnly":"false","AttributeType":"svchar","Description":"更新プログラム名","Length":"40","Decimals":"0","Signed":"false","AllowDBNulls":"true","Domain":"D_TS_PG_NM","InternalName":"TBT14_UPD_PROG_NM","InputPicture":"","Type":"xs:string"},{"Name":"TBT14_UPD_CNT","Caption":"更新カウント","default":"0","IsKey":"false","ReadOnly":"false","AttributeType":"int","Description":"更新カウント","Length":"10","Decimals":"0","Signed":"false","AllowDBNulls":"true","Domain":"D_NO","InternalName":"TBT14_UPD_CNT","InputPicture":"ZZZZZZZZZ9","Type":"xs:int"}]}]},"Relations":{"ManyToOne":{"references":[{"Name":"TBT01_SUBJECTTBT14_STUDY_IDTBT14_SUBJECT_ID","BusinessComponent":"TBT01_SUBJECT","LevelName":"TBT14_CRF_MEMO","Description":"患者テーブル","ForeignKey":{"KeyAttributes":[{"Name":"TBT14_STUDY_ID","Type":"int","AtributeSuperType":"TBT01_STUDY_ID"},{"Name":"TBT14_SUBJECT_ID","Type":"int","AtributeSuperType":"TBT01_SUBJECT_ID"}]},"InferredAttributes":{"Attributes":[]}}]}}}
}
