{

"GxObject":{"ObjectType":"BusinessComponent","Name":"TBT15_CRF_MEMO_LOC","idConnectivitySupport":"idInherit","Structure":{"Levels":[{"Name":"Tbt15_crf_memo_loc","ParentLevel":"","LevelName":"TBT15_CRF_MEMO_LOC","Description":"CRFメモ位置テーブル","Attributes":[{"Name":"TBT15_STUDY_ID","Caption":"試験ID","default":"0","SuperType":"TBT14_STUDY_ID","SubtypeGroup":"SG_TBT15_MEMO","IsKey":"true","ReadOnly":"false","AttributeType":"int","Description":"試験ID","Length":"10","Decimals":"0","Signed":"false","AllowDBNulls":"false","Domain":"D_STUDY_ID","InternalName":"TBT15_STUDY_ID","InputPicture":"ZZZZZZZZZ9","Type":"xs:int"},{"Name":"TBT15_SUBJECT_ID","Caption":"患者ID","default":"0","SuperType":"TBT14_SUBJECT_ID","SubtypeGroup":"SG_TBT15_MEMO","IsKey":"true","ReadOnly":"false","AttributeType":"int","Description":"患者ID","Length":"6","Decimals":"0","Signed":"false","AllowDBNulls":"false","Domain":"D_SUBJECT_ID","InternalName":"TBT15_SUBJECT_ID","InputPicture":"ZZZZZ9","Type":"xs:int"},{"Name":"TBT15_MEMO_NO","Caption":"メモ番号","default":"0","SuperType":"TBT14_MEMO_NO","SubtypeGroup":"SG_TBT15_MEMO","IsKey":"true","ReadOnly":"false","AttributeType":"int","Description":"メモ番号","Length":"3","Decimals":"0","Signed":"false","AllowDBNulls":"false","InternalName":"TBT15_MEMO_NO","InputPicture":"ZZ9","Type":"xs:int"},{"Name":"TBT15_CRF_ID","Caption":"CRFID","default":"0","IsKey":"false","ReadOnly":"false","AttributeType":"int","Description":"CRFID","Length":"4","Decimals":"0","Signed":"false","AllowDBNulls":"true","Domain":"D_CRF_ID","InternalName":"TBT15_CRF_ID","DescriptionAtt":"true","InputPicture":"ZZZ9","Type":"xs:int"},{"Name":"TBT15_CRF_EDA_NO","Caption":"CRF枝番","default":"0","IsKey":"false","ReadOnly":"false","AttributeType":"int","Description":"CRF枝番","Length":"2","Decimals":"0","Signed":"false","AllowDBNulls":"true","InternalName":"TBT15_CRF_EDA_NO","InputPicture":"Z9","Type":"xs:int"},{"Name":"TBT15_CRF_VERSION","Caption":"CRF更新バージョン","default":"0","IsKey":"false","ReadOnly":"false","AttributeType":"int","Description":"CRF更新バージョン","Length":"4","Decimals":"0","Signed":"false","AllowDBNulls":"true","Domain":"D_CRF_VERSION","InternalName":"TBT15_CRF_VERSION","InputPicture":"ZZZ9","Type":"xs:int"},{"Name":"TBT15_CRF_ITEM_GRP_DIV","Caption":"項目・グループ識別区分","default":"","IsKey":"false","ReadOnly":"false","AttributeType":"svchar","Description":"項目・グループ識別区分","Length":"1","Decimals":"0","Signed":"false","AllowDBNulls":"true","Domain":"D_CRF_ITEM_GRP_DIV","InternalName":"TBT15_CRF_ITEM_GRP_DIV","InputPicture":"","Type":"xs:string"},{"Name":"TBT15_CRF_ITEM_GRP_CD","Caption":"CRF項目・項目グループコード","default":"","IsKey":"false","ReadOnly":"false","AttributeType":"svchar","Description":"CRF項目・項目グループコード","Length":"50","Decimals":"0","Signed":"false","AllowDBNulls":"true","Domain":"D_CRF_ITEM_GRP_CD","InternalName":"TBT15_CRF_ITEM_GRP_CD","InputPicture":"","Type":"xs:string"},{"Name":"TBT15_DEL_FLG","Caption":"削除フラグ","default":"","IsKey":"false","ReadOnly":"false","AttributeType":"svchar","Description":"削除フラグ","Length":"1","Decimals":"0","Signed":"false","AllowDBNulls":"true","Domain":"D_FLG","InternalName":"TBT15_DEL_FLG","InputPicture":"","Type":"xs:string"},{"Name":"TBT15_CRT_DATETIME","Caption":"作成日時","default":"","IsKey":"false","ReadOnly":"false","AttributeType":"dtime","Description":"作成日時","Length":"9","Decimals":"8","Signed":"false","AllowDBNulls":"true","Domain":"D_Y4MD_HMS","InternalName":"TBT15_CRT_DATETIME","InputPicture":"9999/99/99 99:99:99","Type":"xs:string"},{"Name":"TBT15_CRT_USER_ID","Caption":"作成ユーザーID","default":"","IsKey":"false","ReadOnly":"false","AttributeType":"svchar","Description":"作成ユーザーID","Length":"128","Decimals":"0","Signed":"false","AllowDBNulls":"true","Domain":"D_TS_USER_ID","InternalName":"TBT15_CRT_USER_ID","InputPicture":"","Type":"xs:string"},{"Name":"TBT15_CRT_PROG_NM","Caption":"作成プログラム名","default":"","IsKey":"false","ReadOnly":"false","AttributeType":"svchar","Description":"作成プログラム名","Length":"40","Decimals":"0","Signed":"false","AllowDBNulls":"true","Domain":"D_TS_PG_NM","InternalName":"TBT15_CRT_PROG_NM","InputPicture":"","Type":"xs:string"},{"Name":"TBT15_UPD_DATETIME","Caption":"更新日時","default":"","IsKey":"false","ReadOnly":"false","AttributeType":"dtime","Description":"更新日時","Length":"9","Decimals":"8","Signed":"false","AllowDBNulls":"true","Domain":"D_Y4MD_HMS","InternalName":"TBT15_UPD_DATETIME","InputPicture":"9999/99/99 99:99:99","Type":"xs:string"},{"Name":"TBT15_UPD_USER_ID","Caption":"更新ユーザーID","default":"","IsKey":"false","ReadOnly":"false","AttributeType":"svchar","Description":"更新ユーザーID","Length":"128","Decimals":"0","Signed":"false","AllowDBNulls":"true","Domain":"D_TS_USER_ID","InternalName":"TBT15_UPD_USER_ID","InputPicture":"","Type":"xs:string"},{"Name":"TBT15_UPD_PROG_NM","Caption":"更新プログラム名","default":"","IsKey":"false","ReadOnly":"false","AttributeType":"svchar","Description":"更新プログラム名","Length":"40","Decimals":"0","Signed":"false","AllowDBNulls":"true","Domain":"D_TS_PG_NM","InternalName":"TBT15_UPD_PROG_NM","InputPicture":"","Type":"xs:string"},{"Name":"TBT15_UPD_CNT","Caption":"更新カウント","default":"0","IsKey":"false","ReadOnly":"false","AttributeType":"int","Description":"更新カウント","Length":"10","Decimals":"0","Signed":"false","AllowDBNulls":"true","Domain":"D_NO","InternalName":"TBT15_UPD_CNT","InputPicture":"ZZZZZZZZZ9","Type":"xs:int"}]}]},"Relations":{"ManyToOne":{"references":[{"Name":"TBT14_CRF_MEMOTBT15_STUDY_IDTBT15_SUBJECT_IDTBT15_MEMO_NO","BusinessComponent":"TBT14_CRF_MEMO","LevelName":"TBT15_CRF_MEMO_LOC","Description":"CRFメモテーブル","ForeignKey":{"KeyAttributes":[{"Name":"TBT15_STUDY_ID","Type":"int","AtributeSuperType":"TBT14_STUDY_ID"},{"Name":"TBT15_SUBJECT_ID","Type":"int","AtributeSuperType":"TBT14_SUBJECT_ID"},{"Name":"TBT15_MEMO_NO","Type":"int","AtributeSuperType":"TBT14_MEMO_NO"}]},"InferredAttributes":{"Attributes":[]}}]}}}
}
