{

"GxObject":{"ObjectType":"BusinessComponent","Name":"TBW07_CRF_MEMO_LOC","idConnectivitySupport":"idInherit","Structure":{"Levels":[{"Name":"Tbw07_crf_memo_loc","ParentLevel":"","LevelName":"TBW07_CRF_MEMO_LOC","Description":"CRFメモ位置テーブル","Attributes":[{"Name":"TBW07_SESSION_ID","Caption":"セッションID","default":"","IsKey":"true","ReadOnly":"false","AttributeType":"svchar","Description":"セッションID","Length":"50","Decimals":"0","Signed":"false","AllowDBNulls":"false","Domain":"D_SESSION_ID","InternalName":"TBW07_SESSION_ID","InputPicture":"","Type":"xs:string"},{"Name":"TBW07_APP_ID","Caption":"アプリケーションID","default":"","IsKey":"true","ReadOnly":"false","AttributeType":"svchar","Description":"アプリケーションID","Length":"7","Decimals":"0","Signed":"false","AllowDBNulls":"false","Domain":"D_APP_ID","InternalName":"TBW07_APP_ID","InputPicture":"","Type":"xs:string"},{"Name":"TBW07_DISP_DATETIME","Caption":"表示日時","default":"","IsKey":"true","ReadOnly":"false","AttributeType":"svchar","Description":"表示日時","Length":"14","Decimals":"0","Signed":"false","AllowDBNulls":"false","Domain":"D_Y4MD_HMS_C","InternalName":"TBW07_DISP_DATETIME","InputPicture":"","Type":"xs:string"},{"Name":"TBW07_STUDY_ID","Caption":"試験ID","default":"0","IsKey":"true","ReadOnly":"false","AttributeType":"int","Description":"試験ID","Length":"10","Decimals":"0","Signed":"false","AllowDBNulls":"false","InternalName":"TBW07_STUDY_ID","InputPicture":"ZZZZZZZZZ9","Type":"xs:int"},{"Name":"TBW07_SUBJECT_ID","Caption":"患者ID","default":"0","IsKey":"true","ReadOnly":"false","AttributeType":"int","Description":"患者ID","Length":"6","Decimals":"0","Signed":"false","AllowDBNulls":"false","InternalName":"TBW07_SUBJECT_ID","InputPicture":"ZZZZZ9","Type":"xs:int"},{"Name":"TBW07_INS_NO","Caption":"挿入連番","default":"0","IsKey":"true","ReadOnly":"false","AttributeType":"int","Description":"挿入連番","Length":"3","Decimals":"0","Signed":"false","AllowDBNulls":"false","InternalName":"TBW07_INS_NO","InputPicture":"ZZ9","Type":"xs:int"},{"Name":"TBW07_CRF_ID","Caption":"CRFID","default":"0","IsKey":"true","ReadOnly":"false","AttributeType":"int","Description":"CRFID","Length":"4","Decimals":"0","Signed":"false","AllowDBNulls":"false","InternalName":"TBW07_CRF_ID","InputPicture":"ZZZ9","Type":"xs:int"},{"Name":"TBW07_CRF_VERSION","Caption":"CRF更新バージョン","default":"0","IsKey":"true","ReadOnly":"false","AttributeType":"int","Description":"CRF更新バージョン","Length":"4","Decimals":"0","Signed":"false","AllowDBNulls":"false","InternalName":"TBW07_CRF_VERSION","InputPicture":"ZZZ9","Type":"xs:int"},{"Name":"TBW07_X","Caption":"座標Ｘ","default":"0","IsKey":"true","ReadOnly":"false","AttributeType":"int","Description":"座標Ｘ","Length":"4","Decimals":"0","Signed":"true","AllowDBNulls":"false","InternalName":"TBW07_X","InputPicture":"ZZZ9","Type":"xs:int"},{"Name":"TBW07_Y","Caption":"座標Ｙ","default":"0","IsKey":"true","ReadOnly":"false","AttributeType":"int","Description":"座標Ｙ","Length":"4","Decimals":"0","Signed":"true","AllowDBNulls":"false","InternalName":"TBW07_Y","InputPicture":"ZZZ9","Type":"xs:int"},{"Name":"TBW07_EDIT_REQUEST_FLG","Caption":"クエリー依頼フラグ","default":"","IsKey":"false","ReadOnly":"false","AttributeType":"svchar","Description":"クエリー依頼フラグ","Length":"1","Decimals":"0","Signed":"false","AllowDBNulls":"true","InternalName":"TBW07_EDIT_REQUEST_FLG","DescriptionAtt":"true","InputPicture":"","Type":"xs:string"},{"Name":"TBW07_COLOR_DIV","Caption":"付箋カラー区分","default":"","IsKey":"false","ReadOnly":"false","AttributeType":"svchar","Description":"付箋カラー区分","Length":"2","Decimals":"0","Signed":"false","AllowDBNulls":"true","InternalName":"TBW07_COLOR_DIV","InputPicture":"","Type":"xs:string"}]}]},"Relations":{"ManyToOne":{"references":[]}}}
}
