{

"GxObject":{"ObjectType":"BusinessComponent","Name":"TBW06_CRF_MEMO","idConnectivitySupport":"idInherit","Structure":{"Levels":[{"Name":"Tbw06_crf_memo","ParentLevel":"","LevelName":"TBW06_CRF_MEMO","Description":"CRFメモテーブル","Attributes":[{"Name":"TBW06_SESSION_ID","Caption":"セッションID","default":"","IsKey":"true","ReadOnly":"false","AttributeType":"svchar","Description":"セッションID","Length":"50","Decimals":"0","Signed":"false","AllowDBNulls":"false","Domain":"D_SESSION_ID","InternalName":"TBW06_SESSION_ID","InputPicture":"","Type":"xs:string"},{"Name":"TBW06_APP_ID","Caption":"アプリケーションID","default":"","IsKey":"true","ReadOnly":"false","AttributeType":"svchar","Description":"アプリケーションID","Length":"7","Decimals":"0","Signed":"false","AllowDBNulls":"false","Domain":"D_APP_ID","InternalName":"TBW06_APP_ID","InputPicture":"","Type":"xs:string"},{"Name":"TBW06_DISP_DATETIME","Caption":"表示日時","default":"","IsKey":"true","ReadOnly":"false","AttributeType":"svchar","Description":"表示日時","Length":"14","Decimals":"0","Signed":"false","AllowDBNulls":"false","Domain":"D_Y4MD_HMS_C","InternalName":"TBW06_DISP_DATETIME","InputPicture":"","Type":"xs:string"},{"Name":"TBW06_STUDY_ID","Caption":"試験ID","default":"0","IsKey":"true","ReadOnly":"false","AttributeType":"int","Description":"試験ID","Length":"10","Decimals":"0","Signed":"false","AllowDBNulls":"false","InternalName":"TBW06_STUDY_ID","InputPicture":"ZZZZZZZZZ9","Type":"xs:int"},{"Name":"TBW06_SUBJECT_ID","Caption":"患者ID","default":"0","IsKey":"true","ReadOnly":"false","AttributeType":"int","Description":"患者ID","Length":"6","Decimals":"0","Signed":"false","AllowDBNulls":"false","InternalName":"TBW06_SUBJECT_ID","InputPicture":"ZZZZZ9","Type":"xs:int"},{"Name":"TBW06_INS_NO","Caption":"挿入連番","default":"0","IsKey":"true","ReadOnly":"false","AttributeType":"int","Description":"挿入連番","Length":"3","Decimals":"0","Signed":"false","AllowDBNulls":"false","InternalName":"TBW06_INS_NO","InputPicture":"ZZ9","Type":"xs:int"},{"Name":"TBW06_CRF_ID","Caption":"CRFID","default":"0","IsKey":"false","ReadOnly":"false","AttributeType":"int","Description":"CRFID","Length":"4","Decimals":"0","Signed":"false","AllowDBNulls":"true","InternalName":"TBW06_CRF_ID","DescriptionAtt":"true","InputPicture":"ZZZ9","Type":"xs:int"},{"Name":"TBW06_CRF_VERSION","Caption":"CRF更新バージョン","default":"0","IsKey":"false","ReadOnly":"false","AttributeType":"int","Description":"CRF更新バージョン","Length":"4","Decimals":"0","Signed":"false","AllowDBNulls":"true","InternalName":"TBW06_CRF_VERSION","InputPicture":"ZZZ9","Type":"xs:int"},{"Name":"TBW06_MEMO","Caption":"メモ","default":"","IsKey":"false","ReadOnly":"false","AttributeType":"svchar","Description":"メモ","Length":"2000","Decimals":"0","Signed":"false","AllowDBNulls":"true","InternalName":"TBW06_MEMO","InputPicture":"","Type":"xs:string"},{"Name":"TBW06_STYDY_AUTH_CD","Caption":"メモ作成者の試験内権限コード","default":"","IsKey":"false","ReadOnly":"false","AttributeType":"svchar","Description":"メモ作成者の試験内権限コード","Length":"2","Decimals":"0","Signed":"false","AllowDBNulls":"true","InternalName":"TBW06_STYDY_AUTH_CD","InputPicture":"","Type":"xs:string"},{"Name":"TBW06_REQUEST_USER_ID","Caption":"連絡先ユーザーID","default":"","IsKey":"false","ReadOnly":"false","AttributeType":"svchar","Description":"連絡先ユーザーID","Length":"128","Decimals":"0","Signed":"false","AllowDBNulls":"true","InternalName":"TBW06_REQUEST_USER_ID","InputPicture":"","Type":"xs:string"},{"Name":"TBW06_EDIT_REQUEST_FLG","Caption":"クエリー依頼フラグ","default":"","IsKey":"false","ReadOnly":"false","AttributeType":"svchar","Description":"クエリー依頼フラグ","Length":"1","Decimals":"0","Signed":"false","AllowDBNulls":"true","InternalName":"TBW06_EDIT_REQUEST_FLG","InputPicture":"","Type":"xs:string"},{"Name":"TBW06_EDIT_REQUEST_END_FLG","Caption":"クエリー依頼完了フラグ","default":"","IsKey":"false","ReadOnly":"false","AttributeType":"svchar","Description":"クエリー依頼完了フラグ","Length":"1","Decimals":"0","Signed":"false","AllowDBNulls":"true","InternalName":"TBW06_EDIT_REQUEST_END_FLG","InputPicture":"","Type":"xs:string"},{"Name":"TBW06_EDIT_REQ_END_DATETIME","Caption":"クエリー依頼完了フラグ操作日時","default":"","IsKey":"false","ReadOnly":"false","AttributeType":"dtime","Description":"クエリー依頼完了フラグ操作日時","Length":"9","Decimals":"8","Signed":"false","AllowDBNulls":"true","InternalName":"TBW06_EDIT_REQ_END_DATETIME","InputPicture":"9999/99/99 99:99:99","Type":"xs:string"},{"Name":"TBW06_EDIT_REQUEST_END_USER_ID","Caption":"クエリー依頼完了フラグ操作ユーザーID","default":"","IsKey":"false","ReadOnly":"false","AttributeType":"svchar","Description":"クエリー依頼完了フラグ操作ユーザーID","Length":"128","Decimals":"0","Signed":"false","AllowDBNulls":"true","InternalName":"TBW06_EDIT_REQUEST_END_USER_ID","InputPicture":"","Type":"xs:string"},{"Name":"TBW06_PROC_DIV","Caption":"処理区分","default":"","IsKey":"false","ReadOnly":"false","AttributeType":"svchar","Description":"処理区分","Length":"1","Decimals":"0","Signed":"false","AllowDBNulls":"true","InternalName":"TBW06_PROC_DIV","InputPicture":"","Type":"xs:string"}]}]},"Relations":{"ManyToOne":{"references":[]}}}
}
