{

"GxObject":{"ObjectType":"BusinessComponent","Name":"TBW02_ODM_WORK","idConnectivitySupport":"idInherit","Structure":{"Levels":[{"Name":"Tbw02_odm_work","ParentLevel":"","LevelName":"TBW02_ODM_WORK","Description":"ODM出力用ワーク","Attributes":[{"Name":"TBW02_SESSION_ID","Caption":"セッションID","default":"","IsKey":"true","ReadOnly":"false","AttributeType":"svchar","Description":"セッションID","Length":"50","Decimals":"0","Signed":"false","AllowDBNulls":"false","Domain":"D_SESSION_ID","InternalName":"TBW02_SESSION_ID","InputPicture":"","Type":"xs:string"},{"Name":"TBW02_APP_ID","Caption":"アプリケーションID","default":"","IsKey":"true","ReadOnly":"false","AttributeType":"svchar","Description":"アプリケーションID","Length":"7","Decimals":"0","Signed":"false","AllowDBNulls":"false","Domain":"D_APP_ID","InternalName":"TBW02_APP_ID","InputPicture":"","Type":"xs:string"},{"Name":"TBW02_DISP_DATETIME","Caption":"表示日時","default":"","IsKey":"true","ReadOnly":"false","AttributeType":"svchar","Description":"表示日時","Length":"14","Decimals":"0","Signed":"false","AllowDBNulls":"false","Domain":"D_Y4MD_HMS_C","InternalName":"TBW02_DISP_DATETIME","InputPicture":"","Type":"xs:string"},{"Name":"TBW02_STUDY_ID","Caption":"試験ID","default":"0","IsKey":"true","ReadOnly":"false","AttributeType":"int","Description":"試験ID","Length":"10","Decimals":"0","Signed":"false","AllowDBNulls":"false","Domain":"D_STUDY_ID","InternalName":"TBW02_STUDY_ID","InputPicture":"ZZZZZZZZZ9","Type":"xs:int"},{"Name":"TBW02_SUBJECT_ID","Caption":"患者ID","default":"0","IsKey":"true","ReadOnly":"false","AttributeType":"int","Description":"患者ID","Length":"6","Decimals":"0","Signed":"false","AllowDBNulls":"false","Domain":"D_SUBJECT_ID","InternalName":"TBW02_SUBJECT_ID","InputPicture":"ZZZZZ9","Type":"xs:int"},{"Name":"TBW02_VISIT_NO","Caption":"VISIT番号","default":"0","IsKey":"true","ReadOnly":"false","AttributeType":"int","Description":"VISIT番号","Length":"6","Decimals":"0","Signed":"false","AllowDBNulls":"false","Domain":"D_VISIT_NO","InternalName":"TBW02_VISIT_NO","InputPicture":"ZZZZZ9","Type":"xs:int"},{"Name":"TBW02_DOM_CD","Caption":"ドメインコード","default":"","IsKey":"true","ReadOnly":"false","AttributeType":"svchar","Description":"ドメインコード","Length":"16","Decimals":"0","Signed":"false","AllowDBNulls":"false","Domain":"D_DOM_CD","InternalName":"TBW02_DOM_CD","InputPicture":"","Type":"xs:string"},{"Name":"TBW02_REPEAT_KEY","Caption":"リピートキー","default":"0","IsKey":"true","ReadOnly":"false","AttributeType":"int","Description":"リピートキー","Length":"4","Decimals":"0","Signed":"false","AllowDBNulls":"false","InternalName":"TBW02_REPEAT_KEY","InputPicture":"ZZZ9","Type":"xs:int"},{"Name":"TBW02_ORDER","Caption":"表示順","default":"0","IsKey":"true","ReadOnly":"false","AttributeType":"int","Description":"表示順","Length":"5","Decimals":"0","Signed":"false","AllowDBNulls":"false","InternalName":"TBW02_ORDER","InputPicture":"ZZZZ9","Type":"xs:int"},{"Name":"TBW02_DOM_VAR_NM","Caption":"ドメイン変数名","default":"","IsKey":"true","ReadOnly":"false","AttributeType":"svchar","Description":"ドメイン変数名","Length":"50","Decimals":"0","Signed":"false","AllowDBNulls":"false","Domain":"D_DOM_VAR_NM","InternalName":"TBW02_DOM_VAR_NM","InputPicture":"","Type":"xs:string"},{"Name":"TBW02_CRF_ITEM_CD","Caption":"CRF項目コード","default":"","IsKey":"false","ReadOnly":"false","AttributeType":"svchar","Description":"CRF項目コード","Length":"50","Decimals":"0","Signed":"false","AllowDBNulls":"true","Domain":"D_CRF_ITEM_GRP_CD","InternalName":"TBW02_CRF_ITEM_CD","DescriptionAtt":"true","InputPicture":"","Type":"xs:string"},{"Name":"TBW02_CRF_VALUE","Caption":"入力値","default":"","IsKey":"false","ReadOnly":"false","AttributeType":"svchar","Description":"入力値","Length":"2000","Decimals":"0","Signed":"false","AllowDBNulls":"true","InternalName":"TBW02_CRF_VALUE","InputPicture":"","Type":"xs:string"}]}]},"Relations":{"ManyToOne":{"references":[]}}}
}
