{

"GxObject":{"ObjectType":"BusinessComponent","Name":"TBW03_CRF_SEARCH","idConnectivitySupport":"idInherit","Structure":{"Levels":[{"Name":"Tbw03_crf_search","ParentLevel":"","LevelName":"TBW03_CRF_SEARCH","Description":"CRF検索ワーク","Attributes":[{"Name":"TBW03_SESSION_ID","Caption":"セッションID","default":"","IsKey":"true","ReadOnly":"false","AttributeType":"svchar","Description":"セッションID","Length":"50","Decimals":"0","Signed":"false","AllowDBNulls":"false","Domain":"D_SESSION_ID","InternalName":"TBW03_SESSION_ID","InputPicture":"","Type":"xs:string"},{"Name":"TBW03_APP_ID","Caption":"アプリケーションID","default":"","IsKey":"true","ReadOnly":"false","AttributeType":"svchar","Description":"アプリケーションID","Length":"7","Decimals":"0","Signed":"false","AllowDBNulls":"false","Domain":"D_APP_ID","InternalName":"TBW03_APP_ID","InputPicture":"","Type":"xs:string"},{"Name":"TBW03_DISP_DATETIME","Caption":"表示日時","default":"","IsKey":"true","ReadOnly":"false","AttributeType":"svchar","Description":"表示日時","Length":"14","Decimals":"0","Signed":"false","AllowDBNulls":"false","Domain":"D_Y4MD_HMS_C","InternalName":"TBW03_DISP_DATETIME","InputPicture":"","Type":"xs:string"},{"Name":"TBW03_STUDY_ID","Caption":"試験ID","default":"0","SuperType":"TBM31_STUDY_ID","SubtypeGroup":"SG_TBW03_CRF","IsKey":"true","ReadOnly":"false","AttributeType":"int","Description":"試験ID","Length":"10","Decimals":"0","Signed":"false","AllowDBNulls":"false","Domain":"D_STUDY_ID","InternalName":"TBW03_STUDY_ID","InputPicture":"ZZZZZZZZZ9","Type":"xs:int"},{"Name":"TBW03_SUBJECT_ID","Caption":"患者ID","default":"0","IsKey":"true","ReadOnly":"false","AttributeType":"int","Description":"患者ID","Length":"6","Decimals":"0","Signed":"false","AllowDBNulls":"false","Domain":"D_SUBJECT_ID","InternalName":"TBW03_SUBJECT_ID","InputPicture":"ZZZZZ9","Type":"xs:int"},{"Name":"TBW03_CRF_ID","Caption":"CRFID","default":"0","SuperType":"TBM31_CRF_ID","SubtypeGroup":"SG_TBW03_CRF","IsKey":"true","ReadOnly":"false","AttributeType":"int","Description":"CRFID","Length":"4","Decimals":"0","Signed":"false","AllowDBNulls":"false","Domain":"D_CRF_ID","InternalName":"TBW03_CRF_ID","InputPicture":"ZZZ9","Type":"xs:int"},{"Name":"TBW03_CRF_NM","Caption":"CRF名称","default":"","IsKey":"false","ReadOnly":"true","AttributeType":"svchar","Description":"CRF名称","Length":"100","Decimals":"0","Signed":"false","AllowDBNulls":"true","InternalName":"TBW03_CRF_NM","DescriptionAtt":"true","InputPicture":"","Type":"xs:string"},{"Name":"TBW03_CRF_SNM","Caption":"CRF略称","default":"","IsKey":"false","ReadOnly":"true","AttributeType":"svchar","Description":"CRF略称","Length":"20","Decimals":"0","Signed":"false","AllowDBNulls":"true","InternalName":"TBW03_CRF_SNM","InputPicture":"","Type":"xs:string"},{"Name":"TBW03_CRF_ORDER","Caption":"CRF表示順","default":"0","IsKey":"false","ReadOnly":"true","AttributeType":"int","Description":"CRF表示順","Length":"5","Decimals":"0","Signed":"false","AllowDBNulls":"true","InternalName":"TBW03_CRF_ORDER","InputPicture":"ZZZZ9","Type":"xs:int"},{"Name":"TBW03_SITE_ID","Caption":"施設ID","default":"","SuperType":"TAM08_SITE_ID","SubtypeGroup":"SG_TBW03_SITE","IsKey":"false","ReadOnly":"false","AttributeType":"svchar","Description":"施設ID","Length":"20","Decimals":"0","Signed":"false","AllowDBNulls":"true","Domain":"D_SITE_ID","InternalName":"TBW03_SITE_ID","InputPicture":"","Type":"xs:string"},{"Name":"TBW03_SITE_NM","Caption":"施設名","default":"","IsKey":"false","ReadOnly":"true","AttributeType":"svchar","Description":"施設名","Length":"50","Decimals":"0","Signed":"false","AllowDBNulls":"true","InternalName":"TBW03_SITE_NM","InputPicture":"","Type":"xs:string"},{"Name":"TBW03_SITE_RYAK_NM","Caption":"施設名（略称）","default":"","IsKey":"false","ReadOnly":"true","AttributeType":"svchar","Description":"施設名（略称）","Length":"20","Decimals":"0","Signed":"false","AllowDBNulls":"true","InternalName":"TBW03_SITE_RYAK_NM","InputPicture":"","Type":"xs:string"},{"Name":"TBW03_OUTER_SUBJECT_ID","Caption":"外部患者ID","default":"","IsKey":"false","ReadOnly":"false","AttributeType":"svchar","Description":"外部患者ID","Length":"6","Decimals":"0","Signed":"false","AllowDBNulls":"true","InternalName":"TBW03_OUTER_SUBJECT_ID","InputPicture":"","Type":"xs:string"},{"Name":"TBW03_CRF_LATEST_VERSION","Caption":"CRF最新更新バージョン","default":"0","IsKey":"false","ReadOnly":"false","AttributeType":"int","Description":"CRF最新更新バージョン","Length":"4","Decimals":"0","Signed":"false","AllowDBNulls":"true","InternalName":"TBW03_CRF_LATEST_VERSION","InputPicture":"ZZZ9","Type":"xs:int"},{"Name":"TBW03_CRF_INPUT_LEVEL","Caption":"CRF入力権限レベル","default":"0","IsKey":"false","ReadOnly":"false","AttributeType":"int","Description":"CRF入力権限レベル","Length":"2","Decimals":"0","Signed":"false","AllowDBNulls":"true","InternalName":"TBW03_CRF_INPUT_LEVEL","InputPicture":"Z9","Type":"xs:int"},{"Name":"TBW03_LOCK_FLG","Caption":"ロックフラグ","default":"","IsKey":"false","ReadOnly":"false","AttributeType":"svchar","Description":"ロックフラグ","Length":"1","Decimals":"0","Signed":"false","AllowDBNulls":"true","Domain":"D_FLG","InternalName":"TBW03_LOCK_FLG","InputPicture":"","Type":"xs:string"},{"Name":"TBW03_LOCK_DATETIME","Caption":"ロック日時","default":"","IsKey":"false","ReadOnly":"false","AttributeType":"dtime","Description":"ロック日時","Length":"9","Decimals":"8","Signed":"false","AllowDBNulls":"true","Domain":"D_Y4MD_HMS","InternalName":"TBW03_LOCK_DATETIME","InputPicture":"9999/99/99 99:99:99","Type":"xs:string"},{"Name":"TBW03_LOCK_USER_ID","Caption":"ロック中ユーザーID","default":"","SuperType":"TAM07_USER_ID","SubtypeGroup":"SG_TBW03_LOCK_USER","IsKey":"false","ReadOnly":"false","AttributeType":"svchar","Description":"ロック中ユーザーID","Length":"128","Decimals":"0","Signed":"false","AllowDBNulls":"true","Domain":"D_USER_ID","InternalName":"TBW03_LOCK_USER_ID","InputPicture":"","Type":"xs:string"},{"Name":"TBW03_LOCK_USER_NM","Caption":"ロックユーザー名","default":"","IsKey":"false","ReadOnly":"true","AttributeType":"svchar","Description":"ロックユーザー名","Length":"30","Decimals":"0","Signed":"false","AllowDBNulls":"true","InternalName":"TBW03_LOCK_USER_NM","InputPicture":"","Type":"xs:string"},{"Name":"TBW03_LOCK_AUTH_CD","Caption":"ロック時権限コード","default":"","IsKey":"false","ReadOnly":"false","AttributeType":"svchar","Description":"ロック時権限コード","Length":"2","Decimals":"0","Signed":"false","AllowDBNulls":"true","Domain":"D_AUTH_CD","InternalName":"TBW03_LOCK_AUTH_CD","InputPicture":"","Type":"xs:string"},{"Name":"TBW03_UPLOAD_DATETIME","Caption":"アップロード日時","default":"","IsKey":"false","ReadOnly":"false","AttributeType":"dtime","Description":"アップロード日時","Length":"9","Decimals":"8","Signed":"false","AllowDBNulls":"true","Domain":"D_Y4MD_HMS","InternalName":"TBW03_UPLOAD_DATETIME","InputPicture":"9999/99/99 99:99:99","Type":"xs:string"},{"Name":"TBW03_UPLOAD_USER_ID","Caption":"アップロードユーザーID","default":"","SuperType":"TAM07_USER_ID","SubtypeGroup":"SG_TBW03_UPLOAD_USER","IsKey":"false","ReadOnly":"false","AttributeType":"svchar","Description":"アップロードユーザーID","Length":"128","Decimals":"0","Signed":"false","AllowDBNulls":"true","Domain":"D_USER_ID","InternalName":"TBW03_UPLOAD_USER_ID","InputPicture":"","Type":"xs:string"},{"Name":"TBW03_UPLOAD_USER_NM","Caption":"アップロードユーザー名","default":"","IsKey":"false","ReadOnly":"true","AttributeType":"svchar","Description":"アップロードユーザー名","Length":"30","Decimals":"0","Signed":"false","AllowDBNulls":"true","InternalName":"TBW03_UPLOAD_USER_NM","InputPicture":"","Type":"xs:string"},{"Name":"TBW03_UPLOAD_AUTH_CD","Caption":"アップロード時権限コード","default":"","IsKey":"false","ReadOnly":"false","AttributeType":"svchar","Description":"アップロード時権限コード","Length":"2","Decimals":"0","Signed":"false","AllowDBNulls":"true","Domain":"D_AUTH_CD","InternalName":"TBW03_UPLOAD_AUTH_CD","InputPicture":"","Type":"xs:string"},{"Name":"TBW03_DM_ARRIVAL_FLG","Caption":"DM到着フラグ","default":"","IsKey":"false","ReadOnly":"false","AttributeType":"svchar","Description":"DM到着フラグ","Length":"1","Decimals":"0","Signed":"false","AllowDBNulls":"true","Domain":"D_FLG","InternalName":"TBW03_DM_ARRIVAL_FLG","InputPicture":"","Type":"xs:string"},{"Name":"TBW03_DM_ARRIVAL_DATETIME","Caption":"DM到着日時","default":"","IsKey":"false","ReadOnly":"false","AttributeType":"dtime","Description":"DM到着日時","Length":"9","Decimals":"8","Signed":"false","AllowDBNulls":"true","Domain":"D_Y4MD_HMS","InternalName":"TBW03_DM_ARRIVAL_DATETIME","InputPicture":"9999/99/99 99:99:99","Type":"xs:string"},{"Name":"TBW03_APPROVAL_FLG","Caption":"承認フラグ","default":"","IsKey":"false","ReadOnly":"false","AttributeType":"svchar","Description":"承認フラグ","Length":"1","Decimals":"0","Signed":"false","AllowDBNulls":"true","Domain":"D_FLG","InternalName":"TBW03_APPROVAL_FLG","InputPicture":"","Type":"xs:string"},{"Name":"TBW03_APPROVAL_DATETIME","Caption":"承認日時","default":"","IsKey":"false","ReadOnly":"false","AttributeType":"dtime","Description":"承認日時","Length":"9","Decimals":"8","Signed":"false","AllowDBNulls":"true","Domain":"D_Y4MD_HMS","InternalName":"TBW03_APPROVAL_DATETIME","InputPicture":"9999/99/99 99:99:99","Type":"xs:string"},{"Name":"TBW03_APPROVAL_USER_ID","Caption":"承認ユーザーID","default":"","SuperType":"TAM07_USER_ID","SubtypeGroup":"SG_TBW03_APPROVAL_USER","IsKey":"false","ReadOnly":"false","AttributeType":"svchar","Description":"承認ユーザーID","Length":"128","Decimals":"0","Signed":"false","AllowDBNulls":"true","Domain":"D_USER_ID","InternalName":"TBW03_APPROVAL_USER_ID","InputPicture":"","Type":"xs:string"},{"Name":"TBW03_APPROVAL_USER_NM","Caption":"承認ユーザー名","default":"","IsKey":"false","ReadOnly":"true","AttributeType":"svchar","Description":"承認ユーザー名","Length":"30","Decimals":"0","Signed":"false","AllowDBNulls":"true","InternalName":"TBW03_APPROVAL_USER_NM","InputPicture":"","Type":"xs:string"},{"Name":"TBW03_APPROVAL_AUTH_CD","Caption":"承認時権限コード","default":"","IsKey":"false","ReadOnly":"false","AttributeType":"svchar","Description":"承認時権限コード","Length":"2","Decimals":"0","Signed":"false","AllowDBNulls":"true","Domain":"D_AUTH_CD","InternalName":"TBW03_APPROVAL_AUTH_CD","InputPicture":"","Type":"xs:string"},{"Name":"TBW03_INPUT_END_FLG","Caption":"データ固定フラグ","default":"","IsKey":"false","ReadOnly":"false","AttributeType":"svchar","Description":"データ固定フラグ","Length":"1","Decimals":"0","Signed":"false","AllowDBNulls":"true","Domain":"D_FLG","InternalName":"TBW03_INPUT_END_FLG","InputPicture":"","Type":"xs:string"},{"Name":"TBW03_INPUT_END_DATETIME","Caption":"データ固定日時","default":"","IsKey":"false","ReadOnly":"false","AttributeType":"dtime","Description":"データ固定日時","Length":"9","Decimals":"8","Signed":"false","AllowDBNulls":"true","Domain":"D_Y4MD_HMS","InternalName":"TBW03_INPUT_END_DATETIME","InputPicture":"9999/99/99 99:99:99","Type":"xs:string"},{"Name":"TBW03_INPUT_END_USER_ID","Caption":"データ固定ユーザーID","default":"","SuperType":"TAM07_USER_ID","SubtypeGroup":"SG_TBW03_INPUT_END_USER","IsKey":"false","ReadOnly":"false","AttributeType":"svchar","Description":"データ固定ユーザーID","Length":"128","Decimals":"0","Signed":"false","AllowDBNulls":"true","Domain":"D_USER_ID","InternalName":"TBW03_INPUT_END_USER_ID","InputPicture":"","Type":"xs:string"},{"Name":"TBW03_INPUT_END_USER_NM","Caption":"データ固定ユーザー名","default":"","IsKey":"false","ReadOnly":"true","AttributeType":"svchar","Description":"データ固定ユーザー名","Length":"30","Decimals":"0","Signed":"false","AllowDBNulls":"true","InternalName":"TBW03_INPUT_END_USER_NM","InputPicture":"","Type":"xs:string"},{"Name":"TBW03_INPUT_END_AUTH_CD","Caption":"データ固定時権限コード","default":"","IsKey":"false","ReadOnly":"false","AttributeType":"svchar","Description":"データ固定時権限コード","Length":"2","Decimals":"0","Signed":"false","AllowDBNulls":"true","Domain":"D_AUTH_CD","InternalName":"TBW03_INPUT_END_AUTH_CD","InputPicture":"","Type":"xs:string"},{"Name":"TBW03_DEL_FLG","Caption":"削除フラグ","default":"","IsKey":"false","ReadOnly":"false","AttributeType":"svchar","Description":"削除フラグ","Length":"1","Decimals":"0","Signed":"false","AllowDBNulls":"true","Domain":"D_FLG","InternalName":"TBW03_DEL_FLG","InputPicture":"","Type":"xs:string"},{"Name":"TBW03_CRT_DATETIME","Caption":"作成日時","default":"","IsKey":"false","ReadOnly":"false","AttributeType":"dtime","Description":"作成日時","Length":"9","Decimals":"8","Signed":"false","AllowDBNulls":"true","Domain":"D_Y4MD_HMS","InternalName":"TBW03_CRT_DATETIME","InputPicture":"9999/99/99 99:99:99","Type":"xs:string"},{"Name":"TBW03_CRT_USER_ID","Caption":"作成ユーザーID","default":"","SuperType":"TAM07_USER_ID","SubtypeGroup":"SG_TBW03_CRT_USER","IsKey":"false","ReadOnly":"false","AttributeType":"svchar","Description":"作成ユーザーID","Length":"128","Decimals":"0","Signed":"false","AllowDBNulls":"true","Domain":"D_USER_ID","InternalName":"TBW03_CRT_USER_ID","InputPicture":"","Type":"xs:string"},{"Name":"TBW03_CRT_USER_NM","Caption":"作成ユーザー名","default":"","IsKey":"false","ReadOnly":"true","AttributeType":"svchar","Description":"作成ユーザー名","Length":"30","Decimals":"0","Signed":"false","AllowDBNulls":"true","InternalName":"TBW03_CRT_USER_NM","InputPicture":"","Type":"xs:string"},{"Name":"TBW03_CRT_PROG_NM","Caption":"作成プログラム名","default":"","IsKey":"false","ReadOnly":"false","AttributeType":"svchar","Description":"作成プログラム名","Length":"40","Decimals":"0","Signed":"false","AllowDBNulls":"true","Domain":"D_TS_PG_NM","InternalName":"TBW03_CRT_PROG_NM","InputPicture":"","Type":"xs:string"},{"Name":"TBW03_UPD_DATETIME","Caption":"更新日時","default":"","IsKey":"false","ReadOnly":"false","AttributeType":"dtime","Description":"更新日時","Length":"9","Decimals":"8","Signed":"false","AllowDBNulls":"true","Domain":"D_Y4MD_HMS","InternalName":"TBW03_UPD_DATETIME","InputPicture":"9999/99/99 99:99:99","Type":"xs:string"},{"Name":"TBW03_UPD_USER_ID","Caption":"更新ユーザーID","default":"","SuperType":"TAM07_USER_ID","SubtypeGroup":"SG_TBW03_UPD_USER","IsKey":"false","ReadOnly":"false","AttributeType":"svchar","Description":"更新ユーザーID","Length":"128","Decimals":"0","Signed":"false","AllowDBNulls":"true","Domain":"D_USER_ID","InternalName":"TBW03_UPD_USER_ID","InputPicture":"","Type":"xs:string"},{"Name":"TBW03_UPD_USER_NM","Caption":"更新ユーザー名","default":"","IsKey":"false","ReadOnly":"true","AttributeType":"svchar","Description":"更新ユーザー名","Length":"30","Decimals":"0","Signed":"false","AllowDBNulls":"true","InternalName":"TBW03_UPD_USER_NM","InputPicture":"","Type":"xs:string"},{"Name":"TBW03_UPD_PROG_NM","Caption":"更新プログラム名","default":"","IsKey":"false","ReadOnly":"false","AttributeType":"svchar","Description":"更新プログラム名","Length":"40","Decimals":"0","Signed":"false","AllowDBNulls":"true","Domain":"D_TS_PG_NM","InternalName":"TBW03_UPD_PROG_NM","InputPicture":"","Type":"xs:string"},{"Name":"TBW03_UPD_CNT","Caption":"更新カウント","default":"0","IsKey":"false","ReadOnly":"false","AttributeType":"int","Description":"更新カウント","Length":"10","Decimals":"0","Signed":"false","AllowDBNulls":"true","Domain":"D_NO","InternalName":"TBW03_UPD_CNT","InputPicture":"ZZZZZZZZZ9","Type":"xs:int"}]}]},"Relations":{"ManyToOne":{"references":[{"Name":"TAM07_USERTBW03_UPD_USER_ID","BusinessComponent":"TAM07_USER","LevelName":"TBW03_CRF_SEARCH","Description":"ユーザーマスタ","ForeignKey":{"KeyAttributes":[{"Name":"TBW03_UPD_USER_ID","Type":"svchar","AtributeSuperType":"TAM07_USER_ID"}]},"InferredAttributes":{"Attributes":[{"Name":"TBW03_UPD_USER_NM","Type":"svchar","AtributeSuperType":"TAM07_USER_NM"}]}},{"Name":"TAM07_USERTBW03_CRT_USER_ID","BusinessComponent":"TAM07_USER","LevelName":"TBW03_CRF_SEARCH","Description":"ユーザーマスタ","ForeignKey":{"KeyAttributes":[{"Name":"TBW03_CRT_USER_ID","Type":"svchar","AtributeSuperType":"TAM07_USER_ID"}]},"InferredAttributes":{"Attributes":[{"Name":"TBW03_CRT_USER_NM","Type":"svchar","AtributeSuperType":"TAM07_USER_NM"}]}},{"Name":"TAM07_USERTBW03_INPUT_END_USER_ID","BusinessComponent":"TAM07_USER","LevelName":"TBW03_CRF_SEARCH","Description":"ユーザーマスタ","ForeignKey":{"KeyAttributes":[{"Name":"TBW03_INPUT_END_USER_ID","Type":"svchar","AtributeSuperType":"TAM07_USER_ID"}]},"InferredAttributes":{"Attributes":[{"Name":"TBW03_INPUT_END_USER_NM","Type":"svchar","AtributeSuperType":"TAM07_USER_NM"}]}},{"Name":"TAM07_USERTBW03_APPROVAL_USER_ID","BusinessComponent":"TAM07_USER","LevelName":"TBW03_CRF_SEARCH","Description":"ユーザーマスタ","ForeignKey":{"KeyAttributes":[{"Name":"TBW03_APPROVAL_USER_ID","Type":"svchar","AtributeSuperType":"TAM07_USER_ID"}]},"InferredAttributes":{"Attributes":[{"Name":"TBW03_APPROVAL_USER_NM","Type":"svchar","AtributeSuperType":"TAM07_USER_NM"}]}},{"Name":"TAM07_USERTBW03_UPLOAD_USER_ID","BusinessComponent":"TAM07_USER","LevelName":"TBW03_CRF_SEARCH","Description":"ユーザーマスタ","ForeignKey":{"KeyAttributes":[{"Name":"TBW03_UPLOAD_USER_ID","Type":"svchar","AtributeSuperType":"TAM07_USER_ID"}]},"InferredAttributes":{"Attributes":[{"Name":"TBW03_UPLOAD_USER_NM","Type":"svchar","AtributeSuperType":"TAM07_USER_NM"}]}},{"Name":"TAM07_USERTBW03_LOCK_USER_ID","BusinessComponent":"TAM07_USER","LevelName":"TBW03_CRF_SEARCH","Description":"ユーザーマスタ","ForeignKey":{"KeyAttributes":[{"Name":"TBW03_LOCK_USER_ID","Type":"svchar","AtributeSuperType":"TAM07_USER_ID"}]},"InferredAttributes":{"Attributes":[{"Name":"TBW03_LOCK_USER_NM","Type":"svchar","AtributeSuperType":"TAM07_USER_NM"}]}},{"Name":"TAM08_SITETBW03_SITE_ID","BusinessComponent":"TAM08_SITE","LevelName":"TBW03_CRF_SEARCH","Description":"施設マスタ","ForeignKey":{"KeyAttributes":[{"Name":"TBW03_SITE_ID","Type":"svchar","AtributeSuperType":"TAM08_SITE_ID"}]},"InferredAttributes":{"Attributes":[{"Name":"TBW03_SITE_NM","Type":"svchar","AtributeSuperType":"TAM08_SITE_NM"},{"Name":"TBW03_SITE_RYAK_NM","Type":"svchar","AtributeSuperType":"TAM08_SITE_SNM"}]}},{"Name":"TBM31_CRFTBW03_STUDY_IDTBW03_CRF_ID","BusinessComponent":"TBM31_CRF","LevelName":"TBW03_CRF_SEARCH","Description":"CRFマスタ","ForeignKey":{"KeyAttributes":[{"Name":"TBW03_STUDY_ID","Type":"int","AtributeSuperType":"TBM31_STUDY_ID"},{"Name":"TBW03_CRF_ID","Type":"int","AtributeSuperType":"TBM31_CRF_ID"}]},"InferredAttributes":{"Attributes":[{"Name":"TBW03_CRF_NM","Type":"svchar","AtributeSuperType":"TBM31_CRF_NM"},{"Name":"TBW03_CRF_SNM","Type":"svchar","AtributeSuperType":"TBM31_CRF_SNM"},{"Name":"TBW03_CRF_ORDER","Type":"int","AtributeSuperType":"TBM31_ORDER"}]}}]}}}
}
