{

"GxObject":{"ObjectType":"BusinessComponent","Name":"TAM07_USER","idConnectivitySupport":"idInherit","Structure":{"Levels":[{"Name":"Tam07_user","ParentLevel":"","LevelName":"TAM07_USER","Description":"ユーザーマスタ","Attributes":[{"Name":"TAM07_USER_ID","Caption":"ユーザーID","default":"","IsKey":"true","ReadOnly":"false","AttributeType":"svchar","Description":"ユーザーID","Length":"128","Decimals":"0","Signed":"false","AllowDBNulls":"false","Domain":"D_USER_ID","InternalName":"TAM07_USER_ID","InputPicture":"","Type":"xs:string"},{"Name":"TAM07_USER_NM","Caption":"氏名","default":"","IsKey":"false","ReadOnly":"false","AttributeType":"svchar","Description":"氏名","Length":"30","Decimals":"0","Signed":"false","AllowDBNulls":"true","InternalName":"TAM07_USER_NM","DescriptionAtt":"true","InputPicture":"","Type":"xs:string"},{"Name":"TAM07_USER_KANA_NM","Caption":"氏名（カナ）","default":"","IsKey":"false","ReadOnly":"false","AttributeType":"svchar","Description":"氏名（カナ）","Length":"20","Decimals":"0","Signed":"false","AllowDBNulls":"true","InternalName":"TAM07_USER_KANA_NM","InputPicture":"","Type":"xs:string"},{"Name":"TAM07_PWD","Caption":"パスワード","default":"","IsKey":"false","ReadOnly":"false","AttributeType":"svchar","Description":"パスワード","Length":"128","Decimals":"0","Signed":"false","AllowDBNulls":"true","InternalName":"TAM07_PWD","InputPicture":"","Type":"xs:string"},{"Name":"TAM07_AUTH_CD","Caption":"権限パターン区分","default":"","SuperType":"TAM04_AUTH_CD","SubtypeGroup":"SG_TAM07_USER_KNGN","IsKey":"false","ReadOnly":"false","AttributeType":"svchar","Description":"権限パターン区分","Length":"2","Decimals":"0","Signed":"false","AllowDBNulls":"true","Domain":"D_AUTH_CD","InternalName":"TAM07_AUTH_CD","InputPicture":"","Type":"xs:string"},{"Name":"TAM07_SITE_ID","Caption":"施設ID","default":"","IsKey":"false","ReadOnly":"false","AttributeType":"svchar","Description":"施設ID","Length":"20","Decimals":"0","Signed":"false","AllowDBNulls":"true","Domain":"D_SITE_ID","InternalName":"TAM07_SITE_ID","InputPicture":"","Type":"xs:string"},{"Name":"TAM07_EMAIL","Caption":"EMAILアドレス","default":"","IsKey":"false","ReadOnly":"false","AttributeType":"svchar","Description":"EMAILアドレス","Length":"256","Decimals":"0","Signed":"false","AllowDBNulls":"true","InternalName":"TAM07_EMAIL","InputPicture":"","Type":"xs:string"},{"Name":"TAM07_DEL_FLG","Caption":"削除フラグ","default":"","IsKey":"false","ReadOnly":"false","AttributeType":"svchar","Description":"削除フラグ","Length":"1","Decimals":"0","Signed":"false","AllowDBNulls":"true","Domain":"D_FLG","InternalName":"TAM07_DEL_FLG","InputPicture":"","Type":"xs:string"},{"Name":"TAM07_CRT_DATETIME","Caption":"作成日時","default":"","IsKey":"false","ReadOnly":"false","AttributeType":"dtime","Description":"作成日時","Length":"9","Decimals":"8","Signed":"false","AllowDBNulls":"true","Domain":"D_Y4MD_HMS","InternalName":"TAM07_CRT_DATETIME","InputPicture":"9999/99/99 99:99:99","Type":"xs:string"},{"Name":"TAM07_CRT_USER_ID","Caption":"作成ユーザーID","default":"","IsKey":"false","ReadOnly":"false","AttributeType":"svchar","Description":"作成ユーザーID","Length":"128","Decimals":"0","Signed":"false","AllowDBNulls":"true","Domain":"D_TS_USER_ID","InternalName":"TAM07_CRT_USER_ID","InputPicture":"","Type":"xs:string"},{"Name":"TAM07_CRT_PROG_NM","Caption":"作成プログラム名","default":"","IsKey":"false","ReadOnly":"false","AttributeType":"svchar","Description":"作成プログラム名","Length":"40","Decimals":"0","Signed":"false","AllowDBNulls":"true","Domain":"D_TS_PG_NM","InternalName":"TAM07_CRT_PROG_NM","InputPicture":"","Type":"xs:string"},{"Name":"TAM07_UPD_DATETIME","Caption":"更新日時","default":"","IsKey":"false","ReadOnly":"false","AttributeType":"dtime","Description":"更新日時","Length":"9","Decimals":"8","Signed":"false","AllowDBNulls":"true","Domain":"D_Y4MD_HMS","InternalName":"TAM07_UPD_DATETIME","InputPicture":"9999/99/99 99:99:99","Type":"xs:string"},{"Name":"TAM07_UPD_USER_ID","Caption":"更新ユーザーID","default":"","IsKey":"false","ReadOnly":"false","AttributeType":"svchar","Description":"更新ユーザーID","Length":"128","Decimals":"0","Signed":"false","AllowDBNulls":"true","Domain":"D_TS_USER_ID","InternalName":"TAM07_UPD_USER_ID","InputPicture":"","Type":"xs:string"},{"Name":"TAM07_UPD_PROG_NM","Caption":"更新プログラム名","default":"","IsKey":"false","ReadOnly":"false","AttributeType":"svchar","Description":"更新プログラム名","Length":"40","Decimals":"0","Signed":"false","AllowDBNulls":"true","Domain":"D_TS_PG_NM","InternalName":"TAM07_UPD_PROG_NM","InputPicture":"","Type":"xs:string"},{"Name":"TAM07_UPD_CNT","Caption":"更新カウント","default":"0","IsKey":"false","ReadOnly":"false","AttributeType":"int","Description":"更新カウント","Length":"10","Decimals":"0","Signed":"false","AllowDBNulls":"true","Domain":"D_NO","InternalName":"TAM07_UPD_CNT","InputPicture":"ZZZZZZZZZ9","Type":"xs:int"}]}]},"Relations":{"ManyToOne":{"references":[{"Name":"TAM04_KNGNTAM07_AUTH_CD","BusinessComponent":"TAM04_KNGN","LevelName":"TAM07_USER","Description":"権限パターンマスタ","ForeignKey":{"KeyAttributes":[{"Name":"TAM07_AUTH_CD","Type":"svchar","AtributeSuperType":"TAM04_AUTH_CD"}]},"InferredAttributes":{"Attributes":[]}}]}}}
}
