{

"GxObject":{"ObjectType":"BusinessComponent","Name":"TBM02_CDISC_DOMAIN","idConnectivitySupport":"idInherit","Structure":{"Levels":[{"Name":"Tbm02_cdisc_domain","ParentLevel":"","LevelName":"TBM02_CDISC_DOMAIN","Description":"CDISCドメインマスタ","Attributes":[{"Name":"TBM02_DOM_CD","Caption":"ドメインコード","default":"","IsKey":"true","ReadOnly":"false","AttributeType":"svchar","Description":"ドメインコード","Length":"2","Decimals":"0","Signed":"false","AllowDBNulls":"false","Domain":"D_DOM_CD","InternalName":"TBM02_DOM_CD","InputPicture":"","Type":"xs:string"},{"Name":"TBM02_DOM_ENM","Caption":"ドメイン英語名","default":"","IsKey":"false","ReadOnly":"false","AttributeType":"svchar","Description":"ドメイン英語名","Length":"50","Decimals":"0","Signed":"false","AllowDBNulls":"true","InternalName":"TBM02_DOM_ENM","DescriptionAtt":"true","InputPicture":"","Type":"xs:string"},{"Name":"TBM02_DOM_JNM","Caption":"ドメイン日本語名","default":"","IsKey":"false","ReadOnly":"false","AttributeType":"svchar","Description":"ドメイン日本語名","Length":"50","Decimals":"0","Signed":"false","AllowDBNulls":"true","InternalName":"TBM02_DOM_JNM","InputPicture":"","Type":"xs:string"},{"Name":"TBM02_DOM_GRP_NM","Caption":"ドメイングループ名","default":"","IsKey":"false","ReadOnly":"false","AttributeType":"svchar","Description":"ドメイングループ名","Length":"50","Decimals":"0","Signed":"false","AllowDBNulls":"true","InternalName":"TBM02_DOM_GRP_NM","InputPicture":"","Type":"xs:string"},{"Name":"TBM02_NOTE","Caption":"備考","default":"","IsKey":"false","ReadOnly":"false","AttributeType":"svchar","Description":"備考","Length":"1000","Decimals":"0","Signed":"false","AllowDBNulls":"true","InternalName":"TBM02_NOTE","InputPicture":"","Type":"xs:string"},{"Name":"TBM02_ORDER","Caption":"表示順","default":"0","IsKey":"false","ReadOnly":"false","AttributeType":"int","Description":"表示順","Length":"5","Decimals":"0","Signed":"false","AllowDBNulls":"true","InternalName":"TBM02_ORDER","InputPicture":"ZZZZ9","Type":"xs:int"},{"Name":"TBM02_DEL_FLG","Caption":"削除フラグ","default":"","IsKey":"false","ReadOnly":"false","AttributeType":"svchar","Description":"削除フラグ","Length":"1","Decimals":"0","Signed":"false","AllowDBNulls":"true","Domain":"D_FLG","InternalName":"TBM02_DEL_FLG","InputPicture":"","Type":"xs:string"},{"Name":"TBM02_CRT_DATETIME","Caption":"作成日時","default":"","IsKey":"false","ReadOnly":"false","AttributeType":"dtime","Description":"作成日時","Length":"9","Decimals":"8","Signed":"false","AllowDBNulls":"true","Domain":"D_Y4MD_HMS","InternalName":"TBM02_CRT_DATETIME","InputPicture":"9999/99/99 99:99:99","Type":"xs:string"},{"Name":"TBM02_CRT_USER_ID","Caption":"作成ユーザーID","default":"","IsKey":"false","ReadOnly":"false","AttributeType":"svchar","Description":"作成ユーザーID","Length":"128","Decimals":"0","Signed":"false","AllowDBNulls":"true","Domain":"D_TS_USER_ID","InternalName":"TBM02_CRT_USER_ID","InputPicture":"","Type":"xs:string"},{"Name":"TBM02_CRT_PROG_NM","Caption":"作成プログラム名","default":"","IsKey":"false","ReadOnly":"false","AttributeType":"svchar","Description":"作成プログラム名","Length":"40","Decimals":"0","Signed":"false","AllowDBNulls":"true","Domain":"D_TS_PG_NM","InternalName":"TBM02_CRT_PROG_NM","InputPicture":"","Type":"xs:string"},{"Name":"TBM02_UPD_DATETIME","Caption":"更新日時","default":"","IsKey":"false","ReadOnly":"false","AttributeType":"dtime","Description":"更新日時","Length":"9","Decimals":"8","Signed":"false","AllowDBNulls":"true","Domain":"D_Y4MD_HMS","InternalName":"TBM02_UPD_DATETIME","InputPicture":"9999/99/99 99:99:99","Type":"xs:string"},{"Name":"TBM02_UPD_USER_ID","Caption":"更新ユーザーID","default":"","IsKey":"false","ReadOnly":"false","AttributeType":"svchar","Description":"更新ユーザーID","Length":"128","Decimals":"0","Signed":"false","AllowDBNulls":"true","Domain":"D_TS_USER_ID","InternalName":"TBM02_UPD_USER_ID","InputPicture":"","Type":"xs:string"},{"Name":"TBM02_UPD_PROG_NM","Caption":"更新プログラム名","default":"","IsKey":"false","ReadOnly":"false","AttributeType":"svchar","Description":"更新プログラム名","Length":"40","Decimals":"0","Signed":"false","AllowDBNulls":"true","Domain":"D_TS_PG_NM","InternalName":"TBM02_UPD_PROG_NM","InputPicture":"","Type":"xs:string"},{"Name":"TBM02_UPD_CNT","Caption":"更新カウント","default":"0","IsKey":"false","ReadOnly":"false","AttributeType":"int","Description":"更新カウント","Length":"10","Decimals":"0","Signed":"false","AllowDBNulls":"true","Domain":"D_NO","InternalName":"TBM02_UPD_CNT","InputPicture":"ZZZZZZZZZ9","Type":"xs:int"}]}]},"Relations":{"ManyToOne":{"references":[]}}}
}
