{

"GxObject":{"ObjectType":"BusinessComponent","Name":"TBM07_AUTH_BEHAVIOR","idConnectivitySupport":"idInherit","Structure":{"Levels":[{"Name":"Tbm07_auth_behavior","ParentLevel":"","LevelName":"TBM07_AUTH_BEHAVIOR","Description":"権限別振舞マスタ","Attributes":[{"Name":"TBM07_AUTH_CD","Caption":"権限コード","default":"","SuperType":"TAM04_AUTH_CD","SubtypeGroup":"SG_TBM07_AUTH","IsKey":"true","ReadOnly":"false","AttributeType":"svchar","Description":"権限コード","Length":"2","Decimals":"0","Signed":"false","AllowDBNulls":"false","Domain":"D_AUTH_CD","InternalName":"TBM07_AUTH_CD","InputPicture":"","Type":"xs:string"},{"Name":"TBM07_CRF_INP_AUTH_FLG","Caption":"ＣＲＦ入力権限フラグ","default":"","IsKey":"false","ReadOnly":"false","AttributeType":"svchar","Description":"ＣＲＦ入力権限フラグ","Length":"1","Decimals":"0","Signed":"false","AllowDBNulls":"true","Domain":"D_FLG","InternalName":"TBM07_CRF_INP_AUTH_FLG","DescriptionAtt":"true","InputPicture":"","Type":"xs:string"},{"Name":"TBM07_CRF_EDIT_AUTH_FLG","Caption":"ＣＲＦ修正権限フラグ","default":"","IsKey":"false","ReadOnly":"false","AttributeType":"svchar","Description":"ＣＲＦ修正権限フラグ","Length":"1","Decimals":"0","Signed":"false","AllowDBNulls":"true","Domain":"D_FLG","InternalName":"TBM07_CRF_EDIT_AUTH_FLG","InputPicture":"","Type":"xs:string"},{"Name":"TBM07_OTHER_SITE_VIEW_FLG","Caption":"他施設参照フラグ","default":"","IsKey":"false","ReadOnly":"false","AttributeType":"svchar","Description":"他施設参照フラグ","Length":"1","Decimals":"0","Signed":"false","AllowDBNulls":"true","Domain":"D_FLG","InternalName":"TBM07_OTHER_SITE_VIEW_FLG","InputPicture":"","Type":"xs:string"},{"Name":"TBM07_DEL_FLG","Caption":"削除フラグ","default":"","IsKey":"false","ReadOnly":"false","AttributeType":"svchar","Description":"削除フラグ","Length":"1","Decimals":"0","Signed":"false","AllowDBNulls":"true","Domain":"D_FLG","InternalName":"TBM07_DEL_FLG","InputPicture":"","Type":"xs:string"},{"Name":"TBM07_CRT_DATETIME","Caption":"作成日時","default":"","IsKey":"false","ReadOnly":"false","AttributeType":"dtime","Description":"作成日時","Length":"9","Decimals":"8","Signed":"false","AllowDBNulls":"true","Domain":"D_Y4MD_HMS","InternalName":"TBM07_CRT_DATETIME","InputPicture":"9999/99/99 99:99:99","Type":"xs:string"},{"Name":"TBM07_CRT_USER_ID","Caption":"作成ユーザーID","default":"","IsKey":"false","ReadOnly":"false","AttributeType":"svchar","Description":"作成ユーザーID","Length":"128","Decimals":"0","Signed":"false","AllowDBNulls":"true","Domain":"D_TS_USER_ID","InternalName":"TBM07_CRT_USER_ID","InputPicture":"","Type":"xs:string"},{"Name":"TBM07_CRT_PROG_NM","Caption":"作成プログラム名","default":"","IsKey":"false","ReadOnly":"false","AttributeType":"svchar","Description":"作成プログラム名","Length":"40","Decimals":"0","Signed":"false","AllowDBNulls":"true","Domain":"D_TS_PG_NM","InternalName":"TBM07_CRT_PROG_NM","InputPicture":"","Type":"xs:string"},{"Name":"TBM07_UPD_DATETIME","Caption":"更新日時","default":"","IsKey":"false","ReadOnly":"false","AttributeType":"dtime","Description":"更新日時","Length":"9","Decimals":"8","Signed":"false","AllowDBNulls":"true","Domain":"D_Y4MD_HMS","InternalName":"TBM07_UPD_DATETIME","InputPicture":"9999/99/99 99:99:99","Type":"xs:string"},{"Name":"TBM07_UPD_USER_ID","Caption":"更新ユーザーID","default":"","IsKey":"false","ReadOnly":"false","AttributeType":"svchar","Description":"更新ユーザーID","Length":"128","Decimals":"0","Signed":"false","AllowDBNulls":"true","Domain":"D_TS_USER_ID","InternalName":"TBM07_UPD_USER_ID","InputPicture":"","Type":"xs:string"},{"Name":"TBM07_UPD_PROG_NM","Caption":"更新プログラム名","default":"","IsKey":"false","ReadOnly":"false","AttributeType":"svchar","Description":"更新プログラム名","Length":"40","Decimals":"0","Signed":"false","AllowDBNulls":"true","Domain":"D_TS_PG_NM","InternalName":"TBM07_UPD_PROG_NM","InputPicture":"","Type":"xs:string"},{"Name":"TBM07_UPD_CNT","Caption":"更新カウント","default":"0","IsKey":"false","ReadOnly":"false","AttributeType":"int","Description":"更新カウント","Length":"10","Decimals":"0","Signed":"false","AllowDBNulls":"true","Domain":"D_NO","InternalName":"TBM07_UPD_CNT","InputPicture":"ZZZZZZZZZ9","Type":"xs:int"}]}]},"Relations":{"ManyToOne":{"references":[{"Name":"TAM04_KNGNTBM07_AUTH_CD","BusinessComponent":"TAM04_KNGN","LevelName":"TBM07_AUTH_BEHAVIOR","Description":"権限パターンマスタ","ForeignKey":{"KeyAttributes":[{"Name":"TBM07_AUTH_CD","Type":"svchar","AtributeSuperType":"TAM04_AUTH_CD"}]},"InferredAttributes":{"Attributes":[]}}]}}}
}
