{

"GxObject":{"ObjectType":"BusinessComponent","Name":"TBM23_STUDY_STAFF","idConnectivitySupport":"idInherit","Structure":{"Levels":[{"Name":"Tbm23_study_staff","ParentLevel":"","LevelName":"TBM23_STUDY_STAFF","Description":"試験参加スタッフマスタ","Attributes":[{"Name":"TBM23_STUDY_ID","Caption":"試験ID","default":"0","SuperType":"TBM21_STUDY_ID","SubtypeGroup":"SG_TBM23_STUDY","IsKey":"true","ReadOnly":"false","AttributeType":"int","Description":"試験ID","Length":"10","Decimals":"0","Signed":"false","AllowDBNulls":"false","Domain":"D_STUDY_ID","InternalName":"TBM23_STUDY_ID","InputPicture":"ZZZZZZZZZ9","Type":"xs:int"},{"Name":"TBM23_USER_ID","Caption":"ユーザID","default":"","SuperType":"TAM07_USER_ID","SubtypeGroup":"SG_TBM23_USER","IsKey":"true","ReadOnly":"false","AttributeType":"svchar","Description":"ユーザID","Length":"128","Decimals":"0","Signed":"false","AllowDBNulls":"false","Domain":"D_USER_ID","InternalName":"TBM23_USER_ID","InputPicture":"","Type":"xs:string"},{"Name":"TBM23_STYDY_AUTH_CD","Caption":"試験内権限コード","default":"","IsKey":"true","ReadOnly":"false","AttributeType":"svchar","Description":"試験内権限コード","Length":"2","Decimals":"0","Signed":"false","AllowDBNulls":"false","Domain":"D_AUTH_CD","InternalName":"TBM23_STYDY_AUTH_CD","InputPicture":"","Type":"xs:string"},{"Name":"TBM23_DEL_FLG","Caption":"削除フラグ","default":"","IsKey":"false","ReadOnly":"false","AttributeType":"svchar","Description":"削除フラグ","Length":"1","Decimals":"0","Signed":"false","AllowDBNulls":"true","Domain":"D_FLG","InternalName":"TBM23_DEL_FLG","DescriptionAtt":"true","InputPicture":"","Type":"xs:string"},{"Name":"TBM23_CRT_DATETIME","Caption":"作成日時","default":"","IsKey":"false","ReadOnly":"false","AttributeType":"dtime","Description":"作成日時","Length":"9","Decimals":"8","Signed":"false","AllowDBNulls":"true","Domain":"D_Y4MD_HMS","InternalName":"TBM23_CRT_DATETIME","InputPicture":"9999/99/99 99:99:99","Type":"xs:string"},{"Name":"TBM23_CRT_USER_ID","Caption":"作成ユーザーID","default":"","IsKey":"false","ReadOnly":"false","AttributeType":"svchar","Description":"作成ユーザーID","Length":"128","Decimals":"0","Signed":"false","AllowDBNulls":"true","Domain":"D_TS_USER_ID","InternalName":"TBM23_CRT_USER_ID","InputPicture":"","Type":"xs:string"},{"Name":"TBM23_CRT_PROG_NM","Caption":"作成プログラム名","default":"","IsKey":"false","ReadOnly":"false","AttributeType":"svchar","Description":"作成プログラム名","Length":"40","Decimals":"0","Signed":"false","AllowDBNulls":"true","Domain":"D_TS_PG_NM","InternalName":"TBM23_CRT_PROG_NM","InputPicture":"","Type":"xs:string"},{"Name":"TBM23_UPD_DATETIME","Caption":"更新日時","default":"","IsKey":"false","ReadOnly":"false","AttributeType":"dtime","Description":"更新日時","Length":"9","Decimals":"8","Signed":"false","AllowDBNulls":"true","Domain":"D_Y4MD_HMS","InternalName":"TBM23_UPD_DATETIME","InputPicture":"9999/99/99 99:99:99","Type":"xs:string"},{"Name":"TBM23_UPD_USER_ID","Caption":"更新ユーザーID","default":"","IsKey":"false","ReadOnly":"false","AttributeType":"svchar","Description":"更新ユーザーID","Length":"128","Decimals":"0","Signed":"false","AllowDBNulls":"true","Domain":"D_TS_USER_ID","InternalName":"TBM23_UPD_USER_ID","InputPicture":"","Type":"xs:string"},{"Name":"TBM23_UPD_PROG_NM","Caption":"更新プログラム名","default":"","IsKey":"false","ReadOnly":"false","AttributeType":"svchar","Description":"更新プログラム名","Length":"40","Decimals":"0","Signed":"false","AllowDBNulls":"true","Domain":"D_TS_PG_NM","InternalName":"TBM23_UPD_PROG_NM","InputPicture":"","Type":"xs:string"},{"Name":"TBM23_UPD_CNT","Caption":"更新カウント","default":"0","IsKey":"false","ReadOnly":"false","AttributeType":"int","Description":"更新カウント","Length":"10","Decimals":"0","Signed":"false","AllowDBNulls":"true","Domain":"D_NO","InternalName":"TBM23_UPD_CNT","InputPicture":"ZZZZZZZZZ9","Type":"xs:int"}]}]},"Relations":{"ManyToOne":{"references":[{"Name":"TAM07_USERTBM23_USER_ID","BusinessComponent":"TAM07_USER","LevelName":"TBM23_STUDY_STAFF","Description":"ユーザーマスタ","ForeignKey":{"KeyAttributes":[{"Name":"TBM23_USER_ID","Type":"svchar","AtributeSuperType":"TAM07_USER_ID"}]},"InferredAttributes":{"Attributes":[]}},{"Name":"TBM21_STUDYTBM23_STUDY_ID","BusinessComponent":"TBM21_STUDY","LevelName":"TBM23_STUDY_STAFF","Description":"試験マスタ","ForeignKey":{"KeyAttributes":[{"Name":"TBM23_STUDY_ID","Type":"int","AtributeSuperType":"TBM21_STUDY_ID"}]},"InferredAttributes":{"Attributes":[]}}]}}}
}
