{

"GxObject":{"ObjectType":"BusinessComponent","Name":"TBM24_MAP_ITEM","idConnectivitySupport":"idInherit","Structure":{"Levels":[{"Name":"Tbm24_map_item","ParentLevel":"","LevelName":"TBM24_MAP_ITEM","Description":"マッピング済部品マスタ","Attributes":[{"Name":"TBM24_STUDY_ID","Caption":"試験ID","default":"0","SuperType":"TBM21_STUDY_ID","SubtypeGroup":"SG_TBM24_STUDY","IsKey":"true","ReadOnly":"false","AttributeType":"int","Description":"試験ID","Length":"10","Decimals":"0","Signed":"false","AllowDBNulls":"false","Domain":"D_STUDY_ID","InternalName":"TBM24_STUDY_ID","InputPicture":"ZZZZZZZZZ9","Type":"xs:int"},{"Name":"TBM24_DOM_CD","Caption":"ドメインコード","default":"","IsKey":"true","ReadOnly":"false","AttributeType":"svchar","Description":"ドメインコード","Length":"2","Decimals":"0","Signed":"false","AllowDBNulls":"false","Domain":"D_DOM_CD","InternalName":"TBM24_DOM_CD","InputPicture":"","Type":"xs:string"},{"Name":"TBM24_DOM_VAR_NM","Caption":"ドメイン変数名","default":"","IsKey":"true","ReadOnly":"false","AttributeType":"svchar","Description":"ドメイン変数名","Length":"50","Decimals":"0","Signed":"false","AllowDBNulls":"false","Domain":"D_DOM_VAR_NM","InternalName":"TBM24_DOM_VAR_NM","InputPicture":"","Type":"xs:string"},{"Name":"TBM24_DOM_ITM_GRP_OID","Caption":"ドメイン内項目グループOID","default":"","IsKey":"false","ReadOnly":"false","AttributeType":"svchar","Description":"ドメイン内項目グループOID","Length":"50","Decimals":"0","Signed":"false","AllowDBNulls":"true","InternalName":"TBM24_DOM_ITM_GRP_OID","DescriptionAtt":"true","InputPicture":"","Type":"xs:string"},{"Name":"TBM24_DOM_ITM_GRP_ATTR_SEQ","Caption":"ドメイン内項目グループ内連番","default":"0","IsKey":"false","ReadOnly":"false","AttributeType":"int","Description":"ドメイン内項目グループ内連番","Length":"4","Decimals":"0","Signed":"false","AllowDBNulls":"true","InternalName":"TBM24_DOM_ITM_GRP_ATTR_SEQ","InputPicture":"ZZZ9","Type":"xs:int"},{"Name":"TBM24_DOM_ITM_GRP_ROWNO","Caption":"項目グループ行番号","default":"0","IsKey":"false","ReadOnly":"false","AttributeType":"int","Description":"項目グループ行番号","Length":"4","Decimals":"0","Signed":"false","AllowDBNulls":"true","InternalName":"TBM24_DOM_ITM_GRP_ROWNO","InputPicture":"ZZZ9","Type":"xs:int"},{"Name":"TBM24_CRF_ITEM_NM","Caption":"CRF項目名","default":"","IsKey":"false","ReadOnly":"false","AttributeType":"svchar","Description":"CRF項目名","Length":"200","Decimals":"0","Signed":"false","AllowDBNulls":"true","InternalName":"TBM24_CRF_ITEM_NM","InputPicture":"","Type":"xs:string"},{"Name":"TBM24_CRF_ITEM_DIV","Caption":"CRF項目区分","default":"","IsKey":"true","ReadOnly":"false","AttributeType":"svchar","Description":"CRF項目区分","Length":"20","Decimals":"0","Signed":"false","AllowDBNulls":"false","InternalName":"TBM24_CRF_ITEM_DIV","InputPicture":"","Type":"xs:string"},{"Name":"TBM24_IDENTIFICATION_CD","Caption":"識別・選択リストコード","default":"","IsKey":"false","ReadOnly":"false","AttributeType":"svchar","Description":"識別・選択リストコード","Length":"50","Decimals":"0","Signed":"false","AllowDBNulls":"true","InternalName":"TBM24_IDENTIFICATION_CD","InputPicture":"","Type":"xs:string"},{"Name":"TBM24_TEXT_MAXLENGTH","Caption":"テキスト最大文字数","default":"0","IsKey":"false","ReadOnly":"false","AttributeType":"int","Description":"テキスト最大文字数","Length":"3","Decimals":"0","Signed":"false","AllowDBNulls":"true","InternalName":"TBM24_TEXT_MAXLENGTH","InputPicture":"ZZ9","Type":"xs:int"},{"Name":"TBM24_TEXT_MAXROWS","Caption":"テキスト最大行数","default":"0","IsKey":"false","ReadOnly":"false","AttributeType":"int","Description":"テキスト最大行数","Length":"2","Decimals":"0","Signed":"false","AllowDBNulls":"true","InternalName":"TBM24_TEXT_MAXROWS","InputPicture":"Z9","Type":"xs:int"},{"Name":"TBM24_DECIMAL_DIGITS","Caption":"小数点以下桁数","default":"0","IsKey":"false","ReadOnly":"false","AttributeType":"int","Description":"小数点以下桁数","Length":"2","Decimals":"0","Signed":"false","AllowDBNulls":"true","InternalName":"TBM24_DECIMAL_DIGITS","InputPicture":"Z9","Type":"xs:int"},{"Name":"TBM24_TEXT","Caption":"表示テキスト","default":"","IsKey":"false","ReadOnly":"false","AttributeType":"svchar","Description":"表示テキスト","Length":"200","Decimals":"0","Signed":"false","AllowDBNulls":"true","InternalName":"TBM24_TEXT","InputPicture":"","Type":"xs:string"},{"Name":"TBM24_FIXED_VALUE","Caption":"固定値","default":"","IsKey":"false","ReadOnly":"false","AttributeType":"svchar","Description":"固定値","Length":"100","Decimals":"0","Signed":"false","AllowDBNulls":"true","InternalName":"TBM24_FIXED_VALUE","InputPicture":"","Type":"xs:string"},{"Name":"TBM24_CHK_FALSE_INNER_VALUE","Caption":"チェックボックスfalse時内部値","default":"","IsKey":"false","ReadOnly":"false","AttributeType":"svchar","Description":"チェックボックスfalse時内部値","Length":"100","Decimals":"0","Signed":"false","AllowDBNulls":"true","InternalName":"TBM24_CHK_FALSE_INNER_VALUE","InputPicture":"","Type":"xs:string"},{"Name":"TBM24_REQUIRED_INPUT_FLG","Caption":"必須入力フラグ","default":"","IsKey":"false","ReadOnly":"false","AttributeType":"svchar","Description":"必須入力フラグ","Length":"1","Decimals":"0","Signed":"false","AllowDBNulls":"true","Domain":"D_FLG","InternalName":"TBM24_REQUIRED_INPUT_FLG","InputPicture":"","Type":"xs:string"},{"Name":"TBM24_MIN_VALUE","Caption":"入力下限値","default":"","IsKey":"false","ReadOnly":"false","AttributeType":"svchar","Description":"入力下限値","Length":"10","Decimals":"0","Signed":"false","AllowDBNulls":"true","InternalName":"TBM24_MIN_VALUE","InputPicture":"","Type":"xs:string"},{"Name":"TBM24_MAX_VALUE","Caption":"入力上限値","default":"","IsKey":"false","ReadOnly":"false","AttributeType":"svchar","Description":"入力上限値","Length":"10","Decimals":"0","Signed":"false","AllowDBNulls":"true","InternalName":"TBM24_MAX_VALUE","InputPicture":"","Type":"xs:string"},{"Name":"TBM24_ORDER","Caption":"表示順","default":"0","IsKey":"false","ReadOnly":"false","AttributeType":"int","Description":"表示順","Length":"5","Decimals":"0","Signed":"false","AllowDBNulls":"true","InternalName":"TBM24_ORDER","InputPicture":"ZZZZ9","Type":"xs:int"},{"Name":"TBM24_DEL_FLG","Caption":"削除フラグ","default":"","IsKey":"false","ReadOnly":"false","AttributeType":"svchar","Description":"削除フラグ","Length":"1","Decimals":"0","Signed":"false","AllowDBNulls":"true","Domain":"D_FLG","InternalName":"TBM24_DEL_FLG","InputPicture":"","Type":"xs:string"},{"Name":"TBM24_CRT_DATETIME","Caption":"作成日時","default":"","IsKey":"false","ReadOnly":"false","AttributeType":"dtime","Description":"作成日時","Length":"9","Decimals":"8","Signed":"false","AllowDBNulls":"true","Domain":"D_Y4MD_HMS","InternalName":"TBM24_CRT_DATETIME","InputPicture":"9999/99/99 99:99:99","Type":"xs:string"},{"Name":"TBM24_CRT_USER_ID","Caption":"作成ユーザーID","default":"","IsKey":"false","ReadOnly":"false","AttributeType":"svchar","Description":"作成ユーザーID","Length":"128","Decimals":"0","Signed":"false","AllowDBNulls":"true","Domain":"D_TS_USER_ID","InternalName":"TBM24_CRT_USER_ID","InputPicture":"","Type":"xs:string"},{"Name":"TBM24_CRT_PROG_NM","Caption":"作成プログラム名","default":"","IsKey":"false","ReadOnly":"false","AttributeType":"svchar","Description":"作成プログラム名","Length":"40","Decimals":"0","Signed":"false","AllowDBNulls":"true","Domain":"D_TS_PG_NM","InternalName":"TBM24_CRT_PROG_NM","InputPicture":"","Type":"xs:string"},{"Name":"TBM24_UPD_DATETIME","Caption":"更新日時","default":"","IsKey":"false","ReadOnly":"false","AttributeType":"dtime","Description":"更新日時","Length":"9","Decimals":"8","Signed":"false","AllowDBNulls":"true","Domain":"D_Y4MD_HMS","InternalName":"TBM24_UPD_DATETIME","InputPicture":"9999/99/99 99:99:99","Type":"xs:string"},{"Name":"TBM24_UPD_USER_ID","Caption":"更新ユーザーID","default":"","IsKey":"false","ReadOnly":"false","AttributeType":"svchar","Description":"更新ユーザーID","Length":"128","Decimals":"0","Signed":"false","AllowDBNulls":"true","Domain":"D_TS_USER_ID","InternalName":"TBM24_UPD_USER_ID","InputPicture":"","Type":"xs:string"},{"Name":"TBM24_UPD_PROG_NM","Caption":"更新プログラム名","default":"","IsKey":"false","ReadOnly":"false","AttributeType":"svchar","Description":"更新プログラム名","Length":"40","Decimals":"0","Signed":"false","AllowDBNulls":"true","Domain":"D_TS_PG_NM","InternalName":"TBM24_UPD_PROG_NM","InputPicture":"","Type":"xs:string"},{"Name":"TBM24_UPD_CNT","Caption":"更新カウント","default":"0","IsKey":"false","ReadOnly":"false","AttributeType":"int","Description":"更新カウント","Length":"10","Decimals":"0","Signed":"false","AllowDBNulls":"true","Domain":"D_NO","InternalName":"TBM24_UPD_CNT","InputPicture":"ZZZZZZZZZ9","Type":"xs:int"}]}]},"Relations":{"ManyToOne":{"references":[{"Name":"TBM21_STUDYTBM24_STUDY_ID","BusinessComponent":"TBM21_STUDY","LevelName":"TBM24_MAP_ITEM","Description":"試験マスタ","ForeignKey":{"KeyAttributes":[{"Name":"TBM24_STUDY_ID","Type":"int","AtributeSuperType":"TBM21_STUDY_ID"}]},"InferredAttributes":{"Attributes":[]}}]}}}
}
