{

"GxObject":{"ObjectType":"BusinessComponent","Name":"TBM26_SEL_LIST_ITEM","idConnectivitySupport":"idInherit","Structure":{"Levels":[{"Name":"Tbm26_sel_list_item","ParentLevel":"","LevelName":"TBM26_SEL_LIST_ITEM","Description":"選択リスト項目マスタ","Attributes":[{"Name":"TBM26_STUDY_ID","Caption":"試験ID","default":"0","SuperType":"TBM25_STUDY_ID","SubtypeGroup":"SG_TBM26_LIST","IsKey":"true","ReadOnly":"false","AttributeType":"int","Description":"試験ID","Length":"10","Decimals":"0","Signed":"false","AllowDBNulls":"false","Domain":"D_STUDY_ID","InternalName":"TBM26_STUDY_ID","InputPicture":"ZZZZZZZZZ9","Type":"xs:int"},{"Name":"TBM26_LIST_CD","Caption":"選択リストコード","default":"","SuperType":"TBM25_LIST_CD","SubtypeGroup":"SG_TBM26_LIST","IsKey":"true","ReadOnly":"false","AttributeType":"svchar","Description":"選択リストコード","Length":"20","Decimals":"0","Signed":"false","AllowDBNulls":"false","Domain":"D_LIST_CD","InternalName":"TBM26_LIST_CD","InputPicture":"","Type":"xs:string"},{"Name":"TBM26_LIST_ITEM_NO","Caption":"リスト番号","default":"0","IsKey":"true","ReadOnly":"false","AttributeType":"int","Description":"リスト番号","Length":"3","Decimals":"0","Signed":"false","AllowDBNulls":"false","InternalName":"TBM26_LIST_ITEM_NO","InputPicture":"ZZ9","Type":"xs:int"},{"Name":"TBM26_LIST_ITEM_NAME","Caption":"リスト要素名","default":"","IsKey":"false","ReadOnly":"false","AttributeType":"svchar","Description":"リスト要素名","Length":"50","Decimals":"0","Signed":"false","AllowDBNulls":"true","InternalName":"TBM26_LIST_ITEM_NAME","DescriptionAtt":"true","InputPicture":"","Type":"xs:string"},{"Name":"TBM26_INNER_VALUE","Caption":"内部値","default":"","IsKey":"false","ReadOnly":"false","AttributeType":"svchar","Description":"内部値","Length":"100","Decimals":"0","Signed":"false","AllowDBNulls":"true","InternalName":"TBM26_INNER_VALUE","InputPicture":"","Type":"xs:string"},{"Name":"TBM26_DEL_FLG","Caption":"削除フラグ","default":"","IsKey":"false","ReadOnly":"false","AttributeType":"svchar","Description":"削除フラグ","Length":"1","Decimals":"0","Signed":"false","AllowDBNulls":"true","Domain":"D_FLG","InternalName":"TBM26_DEL_FLG","InputPicture":"","Type":"xs:string"},{"Name":"TBM26_CRT_DATETIME","Caption":"作成日時","default":"","IsKey":"false","ReadOnly":"false","AttributeType":"dtime","Description":"作成日時","Length":"9","Decimals":"8","Signed":"false","AllowDBNulls":"true","Domain":"D_Y4MD_HMS","InternalName":"TBM26_CRT_DATETIME","InputPicture":"9999/99/99 99:99:99","Type":"xs:string"},{"Name":"TBM26_CRT_USER_ID","Caption":"作成ユーザーID","default":"","IsKey":"false","ReadOnly":"false","AttributeType":"svchar","Description":"作成ユーザーID","Length":"128","Decimals":"0","Signed":"false","AllowDBNulls":"true","Domain":"D_TS_USER_ID","InternalName":"TBM26_CRT_USER_ID","InputPicture":"","Type":"xs:string"},{"Name":"TBM26_CRT_PROG_NM","Caption":"作成プログラム名","default":"","IsKey":"false","ReadOnly":"false","AttributeType":"svchar","Description":"作成プログラム名","Length":"40","Decimals":"0","Signed":"false","AllowDBNulls":"true","Domain":"D_TS_PG_NM","InternalName":"TBM26_CRT_PROG_NM","InputPicture":"","Type":"xs:string"},{"Name":"TBM26_UPD_DATETIME","Caption":"更新日時","default":"","IsKey":"false","ReadOnly":"false","AttributeType":"dtime","Description":"更新日時","Length":"9","Decimals":"8","Signed":"false","AllowDBNulls":"true","Domain":"D_Y4MD_HMS","InternalName":"TBM26_UPD_DATETIME","InputPicture":"9999/99/99 99:99:99","Type":"xs:string"},{"Name":"TBM26_UPD_USER_ID","Caption":"更新ユーザーID","default":"","IsKey":"false","ReadOnly":"false","AttributeType":"svchar","Description":"更新ユーザーID","Length":"128","Decimals":"0","Signed":"false","AllowDBNulls":"true","Domain":"D_TS_USER_ID","InternalName":"TBM26_UPD_USER_ID","InputPicture":"","Type":"xs:string"},{"Name":"TBM26_UPD_PROG_NM","Caption":"更新プログラム名","default":"","IsKey":"false","ReadOnly":"false","AttributeType":"svchar","Description":"更新プログラム名","Length":"40","Decimals":"0","Signed":"false","AllowDBNulls":"true","Domain":"D_TS_PG_NM","InternalName":"TBM26_UPD_PROG_NM","InputPicture":"","Type":"xs:string"},{"Name":"TBM26_UPD_CNT","Caption":"更新カウント","default":"0","IsKey":"false","ReadOnly":"false","AttributeType":"int","Description":"更新カウント","Length":"10","Decimals":"0","Signed":"false","AllowDBNulls":"true","Domain":"D_NO","InternalName":"TBM26_UPD_CNT","InputPicture":"ZZZZZZZZZ9","Type":"xs:int"}]}]},"Relations":{"ManyToOne":{"references":[{"Name":"TBM25_SEL_LISTTBM26_STUDY_IDTBM26_LIST_CD","BusinessComponent":"TBM25_SEL_LIST","LevelName":"TBM26_SEL_LIST_ITEM","Description":"選択リストマスタ","ForeignKey":{"KeyAttributes":[{"Name":"TBM26_STUDY_ID","Type":"int","AtributeSuperType":"TBM25_STUDY_ID"},{"Name":"TBM26_LIST_CD","Type":"svchar","AtributeSuperType":"TBM25_LIST_CD"}]},"InferredAttributes":{"Attributes":[]}}]}}}
}
