{

"GxObject":{"ObjectType":"BusinessComponent","Name":"TBM32_CRF_ITEM","idConnectivitySupport":"idInherit","Structure":{"Levels":[{"Name":"Tbm32_crf_item","ParentLevel":"","LevelName":"TBM32_CRF_ITEM","Description":"CRF項目マスタ","Attributes":[{"Name":"TBM32_STUDY_ID","Caption":"試験ID","default":"0","IsKey":"true","ReadOnly":"false","AttributeType":"int","Description":"試験ID","Length":"10","Decimals":"0","Signed":"false","AllowDBNulls":"false","Domain":"D_STUDY_ID","InternalName":"TBM32_STUDY_ID","InputPicture":"ZZZZZZZZZ9","Type":"xs:int"},{"Name":"TBM32_CRF_ID","Caption":"CRFID","default":"0","IsKey":"true","ReadOnly":"false","AttributeType":"int","Description":"CRFID","Length":"4","Decimals":"0","Signed":"false","AllowDBNulls":"false","Domain":"D_CRF_ID","InternalName":"TBM32_CRF_ID","InputPicture":"ZZZ9","Type":"xs:int"},{"Name":"TBM32_CRF_ITEM_CD","Caption":"CRF項目コード","default":"","IsKey":"true","ReadOnly":"false","AttributeType":"svchar","Description":"CRF項目コード","Length":"50","Decimals":"0","Signed":"false","AllowDBNulls":"false","Domain":"D_CRF_ITEM_GRP_CD","InternalName":"TBM32_CRF_ITEM_CD","InputPicture":"","Type":"xs:string"},{"Name":"TBM32_CRF_ITEM_NM","Caption":"CRF項目名","default":"","IsKey":"false","ReadOnly":"false","AttributeType":"svchar","Description":"CRF項目名","Length":"200","Decimals":"0","Signed":"false","AllowDBNulls":"true","InternalName":"TBM32_CRF_ITEM_NM","DescriptionAtt":"true","InputPicture":"","Type":"xs:string"},{"Name":"TBM32_CRF_ITEM_DIV","Caption":"CRF項目区分","default":"","IsKey":"false","ReadOnly":"false","AttributeType":"svchar","Description":"CRF項目区分","Length":"20","Decimals":"0","Signed":"false","AllowDBNulls":"true","InternalName":"TBM32_CRF_ITEM_DIV","InputPicture":"","Type":"xs:string"},{"Name":"TBM32_CRF_ITEM_GRP_CD","Caption":"CRF項目グループコード","default":"","IsKey":"false","ReadOnly":"false","AttributeType":"svchar","Description":"CRF項目グループコード","Length":"50","Decimals":"0","Signed":"false","AllowDBNulls":"true","Domain":"D_CRF_ITEM_GRP_CD","InternalName":"TBM32_CRF_ITEM_GRP_CD","InputPicture":"","Type":"xs:string"},{"Name":"TBM32_CRF_ITEM_GRP_ORDER","Caption":"同一項目グループ内結合順","default":"0","IsKey":"false","ReadOnly":"false","AttributeType":"int","Description":"同一項目グループ内結合順","Length":"3","Decimals":"0","Signed":"false","AllowDBNulls":"true","InternalName":"TBM32_CRF_ITEM_GRP_ORDER","InputPicture":"ZZ9","Type":"xs:int"},{"Name":"TBM32_LOCATION_X","Caption":"開始座標X","default":"0","IsKey":"false","ReadOnly":"false","AttributeType":"int","Description":"開始座標X","Length":"4","Decimals":"0","Signed":"true","AllowDBNulls":"true","InternalName":"TBM32_LOCATION_X","InputPicture":"ZZZ9","Type":"xs:int"},{"Name":"TBM32_LOCATION_Y","Caption":"開始座標Y","default":"0","IsKey":"false","ReadOnly":"false","AttributeType":"int","Description":"開始座標Y","Length":"4","Decimals":"0","Signed":"true","AllowDBNulls":"true","InternalName":"TBM32_LOCATION_Y","InputPicture":"ZZZ9","Type":"xs:int"},{"Name":"TBM32_LOCATION_X2","Caption":"終了座標X","default":"0","IsKey":"false","ReadOnly":"false","AttributeType":"int","Description":"終了座標X","Length":"4","Decimals":"0","Signed":"true","AllowDBNulls":"true","InternalName":"TBM32_LOCATION_X2","InputPicture":"ZZZ9","Type":"xs:int"},{"Name":"TBM32_LOCATION_Y2","Caption":"終了座標Y","default":"0","IsKey":"false","ReadOnly":"false","AttributeType":"int","Description":"終了座標Y","Length":"4","Decimals":"0","Signed":"true","AllowDBNulls":"true","InternalName":"TBM32_LOCATION_Y2","InputPicture":"ZZZ9","Type":"xs:int"},{"Name":"TBM32_TEXT_ALIGN_DIV","Caption":"テキスト位置区分","default":"","IsKey":"false","ReadOnly":"false","AttributeType":"svchar","Description":"テキスト位置区分","Length":"6","Decimals":"0","Signed":"false","AllowDBNulls":"true","InternalName":"TBM32_TEXT_ALIGN_DIV","InputPicture":"","Type":"xs:string"},{"Name":"TBM32_TEXT_MAXROWS","Caption":"テキスト最大行数","default":"0","IsKey":"false","ReadOnly":"false","AttributeType":"int","Description":"テキスト最大行数","Length":"2","Decimals":"0","Signed":"false","AllowDBNulls":"true","InternalName":"TBM32_TEXT_MAXROWS","InputPicture":"Z9","Type":"xs:int"},{"Name":"TBM32_TEXT_MAXLENGTH","Caption":"テキスト最大文字数","default":"0","IsKey":"false","ReadOnly":"false","AttributeType":"int","Description":"テキスト最大文字数","Length":"3","Decimals":"0","Signed":"false","AllowDBNulls":"true","InternalName":"TBM32_TEXT_MAXLENGTH","InputPicture":"ZZ9","Type":"xs:int"},{"Name":"TBM32_DECIMAL_DIGITS","Caption":"小数点以下桁数","default":"0","IsKey":"false","ReadOnly":"false","AttributeType":"int","Description":"小数点以下桁数","Length":"2","Decimals":"0","Signed":"false","AllowDBNulls":"true","InternalName":"TBM32_DECIMAL_DIGITS","InputPicture":"Z9","Type":"xs:int"},{"Name":"TBM32_CHK_TRUE_INNER_VALUE","Caption":"チェックボックス・ラジオtrue時内部値","default":"","IsKey":"false","ReadOnly":"false","AttributeType":"svchar","Description":"チェックボックス・ラジオtrue時内部値","Length":"100","Decimals":"0","Signed":"false","AllowDBNulls":"true","InternalName":"TBM32_CHK_TRUE_INNER_VALUE","InputPicture":"","Type":"xs:string"},{"Name":"TBM32_CHK_FALSE_INNER_VALUE","Caption":"チェックボックスfalse時内部値","default":"","IsKey":"false","ReadOnly":"false","AttributeType":"svchar","Description":"チェックボックスfalse時内部値","Length":"100","Decimals":"0","Signed":"false","AllowDBNulls":"true","InternalName":"TBM32_CHK_FALSE_INNER_VALUE","InputPicture":"","Type":"xs:string"},{"Name":"TBM32_FIXED_VALUE","Caption":"固定値","default":"","IsKey":"false","ReadOnly":"false","AttributeType":"svchar","Description":"固定値","Length":"100","Decimals":"0","Signed":"false","AllowDBNulls":"true","InternalName":"TBM32_FIXED_VALUE","InputPicture":"","Type":"xs:string"},{"Name":"TBM32_LIST_CD","Caption":"選択リストコード","default":"","IsKey":"false","ReadOnly":"false","AttributeType":"svchar","Description":"選択リストコード","Length":"20","Decimals":"0","Signed":"false","AllowDBNulls":"true","InternalName":"TBM32_LIST_CD","InputPicture":"","Type":"xs:string"},{"Name":"TBM32_IMAGE_CD","Caption":"画像コード","default":"","IsKey":"false","ReadOnly":"false","AttributeType":"svchar","Description":"画像コード","Length":"50","Decimals":"0","Signed":"false","AllowDBNulls":"true","InternalName":"TBM32_IMAGE_CD","InputPicture":"","Type":"xs:string"},{"Name":"TBM32_TEXT","Caption":"表示テキスト","default":"","IsKey":"false","ReadOnly":"false","AttributeType":"svchar","Description":"表示テキスト","Length":"200","Decimals":"0","Signed":"false","AllowDBNulls":"true","InternalName":"TBM32_TEXT","InputPicture":"","Type":"xs:string"},{"Name":"TBM32_FONT_SIZE","Caption":"フォントサイズ","default":"0","IsKey":"false","ReadOnly":"false","AttributeType":"int","Description":"フォントサイズ","Length":"2","Decimals":"0","Signed":"false","AllowDBNulls":"true","InternalName":"TBM32_FONT_SIZE","InputPicture":"Z9","Type":"xs:int"},{"Name":"TBM32_FONT_UL_FLG","Caption":"フォントアンダーラインフラグ","default":"","IsKey":"false","ReadOnly":"false","AttributeType":"svchar","Description":"フォントアンダーラインフラグ","Length":"1","Decimals":"0","Signed":"false","AllowDBNulls":"true","Domain":"D_FLG","InternalName":"TBM32_FONT_UL_FLG","InputPicture":"","Type":"xs:string"},{"Name":"TBM32_FONT_COLOR_DIV","Caption":"フォントカラー","default":"0","IsKey":"false","ReadOnly":"false","AttributeType":"int","Description":"フォントカラー","Length":"10","Decimals":"0","Signed":"false","AllowDBNulls":"true","InternalName":"TBM32_FONT_COLOR_DIV","InputPicture":"ZZZZZZZZZ9","Type":"xs:int"},{"Name":"TBM32_LINE_SIZE_DIV","Caption":"ライン太さ","default":"0","IsKey":"false","ReadOnly":"false","AttributeType":"int","Description":"ライン太さ","Length":"2","Decimals":"0","Signed":"false","AllowDBNulls":"true","InternalName":"TBM32_LINE_SIZE_DIV","InputPicture":"Z9","Type":"xs:int"},{"Name":"TBM32_LINE_COLOR_DIV","Caption":"ラインカラー","default":"0","IsKey":"false","ReadOnly":"false","AttributeType":"int","Description":"ラインカラー","Length":"10","Decimals":"0","Signed":"false","AllowDBNulls":"true","InternalName":"TBM32_LINE_COLOR_DIV","InputPicture":"ZZZZZZZZZ9","Type":"xs:int"},{"Name":"TBM32_LINE_START_POINT_DIV","Caption":"ライン開始点スタイル区分","default":"","IsKey":"false","ReadOnly":"false","AttributeType":"svchar","Description":"ライン開始点スタイル区分","Length":"2","Decimals":"0","Signed":"false","AllowDBNulls":"true","InternalName":"TBM32_LINE_START_POINT_DIV","InputPicture":"","Type":"xs:string"},{"Name":"TBM32_LINE_END_POINT_DIV","Caption":"ライン終了点スタイル区分","default":"","IsKey":"false","ReadOnly":"false","AttributeType":"svchar","Description":"ライン終了点スタイル区分","Length":"2","Decimals":"0","Signed":"false","AllowDBNulls":"true","InternalName":"TBM32_LINE_END_POINT_DIV","InputPicture":"","Type":"xs:string"},{"Name":"TBM32_LINE_ANGLE","Caption":"ライン角度","default":"0","IsKey":"false","ReadOnly":"false","AttributeType":"int","Description":"ライン角度","Length":"4","Decimals":"0","Signed":"true","AllowDBNulls":"true","InternalName":"TBM32_LINE_ANGLE","InputPicture":"ZZZ9","Type":"xs:int"},{"Name":"TBM32_AUTH_LVL_MIN","Caption":"最低入力権限レベル","default":"0","IsKey":"false","ReadOnly":"false","AttributeType":"int","Description":"最低入力権限レベル","Length":"2","Decimals":"0","Signed":"false","AllowDBNulls":"true","InternalName":"TBM32_AUTH_LVL_MIN","InputPicture":"Z9","Type":"xs:int"},{"Name":"TBM32_ZORDER","Caption":"重なり順","default":"0","IsKey":"false","ReadOnly":"false","AttributeType":"int","Description":"重なり順","Length":"3","Decimals":"0","Signed":"false","AllowDBNulls":"true","InternalName":"TBM32_ZORDER","InputPicture":"ZZ9","Type":"xs:int"},{"Name":"TBM32_TAB_ORDER","Caption":"タブ移動順","default":"0","IsKey":"false","ReadOnly":"false","AttributeType":"int","Description":"タブ移動順","Length":"3","Decimals":"0","Signed":"false","AllowDBNulls":"true","InternalName":"TBM32_TAB_ORDER","InputPicture":"ZZ9","Type":"xs:int"},{"Name":"TBM32_TABSTOP_FLG","Caption":"タブストップフラグ","default":"","IsKey":"false","ReadOnly":"false","AttributeType":"svchar","Description":"タブストップフラグ","Length":"1","Decimals":"0","Signed":"false","AllowDBNulls":"true","Domain":"D_FLG","InternalName":"TBM32_TABSTOP_FLG","InputPicture":"","Type":"xs:string"},{"Name":"TBM32_REQUIRED_INPUT_FLG","Caption":"必須入力フラグ","default":"","IsKey":"false","ReadOnly":"false","AttributeType":"svchar","Description":"必須入力フラグ","Length":"1","Decimals":"0","Signed":"false","AllowDBNulls":"true","Domain":"D_FLG","InternalName":"TBM32_REQUIRED_INPUT_FLG","InputPicture":"","Type":"xs:string"},{"Name":"TBM32_MIN_VALUE","Caption":"入力下限値","default":"","IsKey":"false","ReadOnly":"false","AttributeType":"svchar","Description":"入力下限値","Length":"10","Decimals":"0","Signed":"false","AllowDBNulls":"true","InternalName":"TBM32_MIN_VALUE","InputPicture":"","Type":"xs:string"},{"Name":"TBM32_MAX_VALUE","Caption":"入力上限値","default":"","IsKey":"false","ReadOnly":"false","AttributeType":"svchar","Description":"入力上限値","Length":"10","Decimals":"0","Signed":"false","AllowDBNulls":"true","InternalName":"TBM32_MAX_VALUE","InputPicture":"","Type":"xs:string"},{"Name":"TBM32_CRF_ITEM_NOTE","Caption":"備考","default":"","IsKey":"false","ReadOnly":"false","AttributeType":"svchar","Description":"備考","Length":"1000","Decimals":"0","Signed":"false","AllowDBNulls":"true","InternalName":"TBM32_CRF_ITEM_NOTE","InputPicture":"","Type":"xs:string"},{"Name":"TBM32_REF_CRF_ID","Caption":"参照先CRFID","default":"0","IsKey":"false","ReadOnly":"false","AttributeType":"int","Description":"参照先CRFID","Length":"4","Decimals":"0","Signed":"false","AllowDBNulls":"true","Domain":"D_CRF_ID","InternalName":"TBM32_REF_CRF_ID","InputPicture":"ZZZ9","Type":"xs:int"},{"Name":"TBM32_REF_CRF_ITEM_CD","Caption":"参照先CRF項目コード","default":"","IsKey":"false","ReadOnly":"false","AttributeType":"svchar","Description":"参照先CRF項目コード","Length":"50","Decimals":"0","Signed":"false","AllowDBNulls":"true","Domain":"D_CRF_ITEM_GRP_CD","InternalName":"TBM32_REF_CRF_ITEM_CD","InputPicture":"","Type":"xs:string"},{"Name":"TBM32_DEL_FLG","Caption":"削除フラグ","default":"","IsKey":"false","ReadOnly":"false","AttributeType":"svchar","Description":"削除フラグ","Length":"1","Decimals":"0","Signed":"false","AllowDBNulls":"true","Domain":"D_FLG","InternalName":"TBM32_DEL_FLG","InputPicture":"","Type":"xs:string"},{"Name":"TBM32_CRT_DATETIME","Caption":"作成日時","default":"","IsKey":"false","ReadOnly":"false","AttributeType":"dtime","Description":"作成日時","Length":"9","Decimals":"8","Signed":"false","AllowDBNulls":"true","Domain":"D_Y4MD_HMS","InternalName":"TBM32_CRT_DATETIME","InputPicture":"9999/99/99 99:99:99","Type":"xs:string"},{"Name":"TBM32_CRT_USER_ID","Caption":"作成ユーザーID","default":"","IsKey":"false","ReadOnly":"false","AttributeType":"svchar","Description":"作成ユーザーID","Length":"128","Decimals":"0","Signed":"false","AllowDBNulls":"true","Domain":"D_TS_USER_ID","InternalName":"TBM32_CRT_USER_ID","InputPicture":"","Type":"xs:string"},{"Name":"TBM32_CRT_PROG_NM","Caption":"作成プログラム名","default":"","IsKey":"false","ReadOnly":"false","AttributeType":"svchar","Description":"作成プログラム名","Length":"40","Decimals":"0","Signed":"false","AllowDBNulls":"true","Domain":"D_TS_PG_NM","InternalName":"TBM32_CRT_PROG_NM","InputPicture":"","Type":"xs:string"},{"Name":"TBM32_UPD_DATETIME","Caption":"更新日時","default":"","IsKey":"false","ReadOnly":"false","AttributeType":"dtime","Description":"更新日時","Length":"9","Decimals":"8","Signed":"false","AllowDBNulls":"true","Domain":"D_Y4MD_HMS","InternalName":"TBM32_UPD_DATETIME","InputPicture":"9999/99/99 99:99:99","Type":"xs:string"},{"Name":"TBM32_UPD_USER_ID","Caption":"更新ユーザーID","default":"","IsKey":"false","ReadOnly":"false","AttributeType":"svchar","Description":"更新ユーザーID","Length":"128","Decimals":"0","Signed":"false","AllowDBNulls":"true","Domain":"D_TS_USER_ID","InternalName":"TBM32_UPD_USER_ID","InputPicture":"","Type":"xs:string"},{"Name":"TBM32_UPD_PROG_NM","Caption":"更新プログラム名","default":"","IsKey":"false","ReadOnly":"false","AttributeType":"svchar","Description":"更新プログラム名","Length":"40","Decimals":"0","Signed":"false","AllowDBNulls":"true","Domain":"D_TS_PG_NM","InternalName":"TBM32_UPD_PROG_NM","InputPicture":"","Type":"xs:string"},{"Name":"TBM32_UPD_CNT","Caption":"更新カウント","default":"0","IsKey":"false","ReadOnly":"false","AttributeType":"int","Description":"更新カウント","Length":"10","Decimals":"0","Signed":"false","AllowDBNulls":"true","Domain":"D_NO","InternalName":"TBM32_UPD_CNT","InputPicture":"ZZZZZZZZZ9","Type":"xs:int"}]}]},"Relations":{"ManyToOne":{"references":[]}}}
}
