{

"GxObject":{"ObjectType":"BusinessComponent","Name":"TBM33_CRF_COND","idConnectivitySupport":"idInherit","Structure":{"Levels":[{"Name":"Tbm33_crf_cond","ParentLevel":"","LevelName":"TBM33_CRF_COND","Description":"CRF条件マスタ","Attributes":[{"Name":"TBM33_STUDY_ID","Caption":"試験ID","default":"0","IsKey":"true","ReadOnly":"false","AttributeType":"int","Description":"試験ID","Length":"10","Decimals":"0","Signed":"false","AllowDBNulls":"false","Domain":"D_STUDY_ID","InternalName":"TBM33_STUDY_ID","InputPicture":"ZZZZZZZZZ9","Type":"xs:int"},{"Name":"TBM33_CRF_ID","Caption":"CRFID","default":"0","IsKey":"true","ReadOnly":"false","AttributeType":"int","Description":"CRFID","Length":"4","Decimals":"0","Signed":"false","AllowDBNulls":"false","Domain":"D_CRF_ID","InternalName":"TBM33_CRF_ID","InputPicture":"ZZZ9","Type":"xs:int"},{"Name":"TBM33_COND_NO","Caption":"条件番号","default":"0","IsKey":"true","ReadOnly":"false","AttributeType":"int","Description":"条件番号","Length":"4","Decimals":"0","Signed":"false","AllowDBNulls":"false","Domain":"D_COND_NO","InternalName":"TBM33_COND_NO","InputPicture":"ZZZ9","Type":"xs:int"},{"Name":"TBM33_COND_NM","Caption":"条件名","default":"","IsKey":"false","ReadOnly":"false","AttributeType":"svchar","Description":"条件名","Length":"100","Decimals":"0","Signed":"false","AllowDBNulls":"true","InternalName":"TBM33_COND_NM","DescriptionAtt":"true","InputPicture":"","Type":"xs:string"},{"Name":"TBM33_EXPRESSION","Caption":"条件式","default":"","IsKey":"false","ReadOnly":"false","AttributeType":"svchar","Description":"条件式","Length":"1000","Decimals":"0","Signed":"false","AllowDBNulls":"true","InternalName":"TBM33_EXPRESSION","InputPicture":"","Type":"xs:string"},{"Name":"TBM33_COND_DIV","Caption":"条件区分","default":"","IsKey":"false","ReadOnly":"false","AttributeType":"svchar","Description":"条件区分","Length":"1","Decimals":"0","Signed":"false","AllowDBNulls":"true","InternalName":"TBM33_COND_DIV","InputPicture":"","Type":"xs:string"},{"Name":"TBM33_CRF_ITEM_CD","Caption":"CRF項目コード","default":"","IsKey":"false","ReadOnly":"false","AttributeType":"svchar","Description":"CRF項目コード","Length":"50","Decimals":"0","Signed":"false","AllowDBNulls":"true","Domain":"D_CRF_ITEM_GRP_CD","InternalName":"TBM33_CRF_ITEM_CD","InputPicture":"","Type":"xs:string"},{"Name":"TBM33_PRIOR_NO","Caption":"優先順","default":"0","IsKey":"false","ReadOnly":"false","AttributeType":"int","Description":"優先順","Length":"2","Decimals":"0","Signed":"false","AllowDBNulls":"true","InternalName":"TBM33_PRIOR_NO","InputPicture":"Z9","Type":"xs:int"},{"Name":"TBM33_ERR_DIV","Caption":"エラー・警告区分","default":"","IsKey":"false","ReadOnly":"false","AttributeType":"svchar","Description":"エラー・警告区分","Length":"1","Decimals":"0","Signed":"false","AllowDBNulls":"true","InternalName":"TBM33_ERR_DIV","InputPicture":"","Type":"xs:string"},{"Name":"TBM33_ERR_MSG","Caption":"エラー・警告メッセージ","default":"","IsKey":"false","ReadOnly":"false","AttributeType":"svchar","Description":"エラー・警告メッセージ","Length":"200","Decimals":"0","Signed":"false","AllowDBNulls":"true","InternalName":"TBM33_ERR_MSG","InputPicture":"","Type":"xs:string"},{"Name":"TBM33_ENABLED_FLG","Caption":"有効フラグ","default":"","IsKey":"false","ReadOnly":"false","AttributeType":"svchar","Description":"有効フラグ","Length":"1","Decimals":"0","Signed":"false","AllowDBNulls":"true","Domain":"D_FLG","InternalName":"TBM33_ENABLED_FLG","InputPicture":"","Type":"xs:string"},{"Name":"TBM33_REQUIRED_INPUT_FLG","Caption":"必須入力フラグ","default":"","IsKey":"false","ReadOnly":"false","AttributeType":"svchar","Description":"必須入力フラグ","Length":"1","Decimals":"0","Signed":"false","AllowDBNulls":"true","Domain":"D_FLG","InternalName":"TBM33_REQUIRED_INPUT_FLG","InputPicture":"","Type":"xs:string"},{"Name":"TBM33_NUMERIC_RANGE_FLG","Caption":"数値入力範囲条件フラグ","default":"","IsKey":"false","ReadOnly":"false","AttributeType":"svchar","Description":"数値入力範囲条件フラグ","Length":"1","Decimals":"0","Signed":"false","AllowDBNulls":"true","Domain":"D_FLG","InternalName":"TBM33_NUMERIC_RANGE_FLG","InputPicture":"","Type":"xs:string"},{"Name":"TBM33_DEL_FLG","Caption":"削除フラグ","default":"","IsKey":"false","ReadOnly":"false","AttributeType":"svchar","Description":"削除フラグ","Length":"1","Decimals":"0","Signed":"false","AllowDBNulls":"true","Domain":"D_FLG","InternalName":"TBM33_DEL_FLG","InputPicture":"","Type":"xs:string"},{"Name":"TBM33_CRT_DATETIME","Caption":"作成日時","default":"","IsKey":"false","ReadOnly":"false","AttributeType":"dtime","Description":"作成日時","Length":"9","Decimals":"8","Signed":"false","AllowDBNulls":"true","Domain":"D_Y4MD_HMS","InternalName":"TBM33_CRT_DATETIME","InputPicture":"9999/99/99 99:99:99","Type":"xs:string"},{"Name":"TBM33_CRT_USER_ID","Caption":"作成ユーザーID","default":"","IsKey":"false","ReadOnly":"false","AttributeType":"svchar","Description":"作成ユーザーID","Length":"128","Decimals":"0","Signed":"false","AllowDBNulls":"true","Domain":"D_TS_USER_ID","InternalName":"TBM33_CRT_USER_ID","InputPicture":"","Type":"xs:string"},{"Name":"TBM33_CRT_PROG_NM","Caption":"作成プログラム名","default":"","IsKey":"false","ReadOnly":"false","AttributeType":"svchar","Description":"作成プログラム名","Length":"40","Decimals":"0","Signed":"false","AllowDBNulls":"true","Domain":"D_TS_PG_NM","InternalName":"TBM33_CRT_PROG_NM","InputPicture":"","Type":"xs:string"},{"Name":"TBM33_UPD_DATETIME","Caption":"更新日時","default":"","IsKey":"false","ReadOnly":"false","AttributeType":"dtime","Description":"更新日時","Length":"9","Decimals":"8","Signed":"false","AllowDBNulls":"true","Domain":"D_Y4MD_HMS","InternalName":"TBM33_UPD_DATETIME","InputPicture":"9999/99/99 99:99:99","Type":"xs:string"},{"Name":"TBM33_UPD_USER_ID","Caption":"更新ユーザーID","default":"","IsKey":"false","ReadOnly":"false","AttributeType":"svchar","Description":"更新ユーザーID","Length":"128","Decimals":"0","Signed":"false","AllowDBNulls":"true","Domain":"D_TS_USER_ID","InternalName":"TBM33_UPD_USER_ID","InputPicture":"","Type":"xs:string"},{"Name":"TBM33_UPD_PROG_NM","Caption":"更新プログラム名","default":"","IsKey":"false","ReadOnly":"false","AttributeType":"svchar","Description":"更新プログラム名","Length":"40","Decimals":"0","Signed":"false","AllowDBNulls":"true","Domain":"D_TS_PG_NM","InternalName":"TBM33_UPD_PROG_NM","InputPicture":"","Type":"xs:string"},{"Name":"TBM33_UPD_CNT","Caption":"更新カウント","default":"0","IsKey":"false","ReadOnly":"false","AttributeType":"int","Description":"更新カウント","Length":"10","Decimals":"0","Signed":"false","AllowDBNulls":"true","Domain":"D_NO","InternalName":"TBM33_UPD_CNT","InputPicture":"ZZZZZZZZZ9","Type":"xs:int"}]}]},"Relations":{"ManyToOne":{"references":[]}}}
}
