{

"GxObject":{"ObjectType":"BusinessComponent","Name":"TBM43_STUDY_CDISC_ITEM","idConnectivitySupport":"idInherit","Structure":{"Levels":[{"Name":"Tbm43_study_cdisc_item","ParentLevel":"","LevelName":"TBM43_STUDY_CDISC_ITEM","Description":"試験別CDISC項目マスタ","Attributes":[{"Name":"TBM43_STUDY_ID","Caption":"試験ID","default":"0","IsKey":"true","ReadOnly":"false","AttributeType":"int","Description":"試験ID","Length":"10","Decimals":"0","Signed":"false","AllowDBNulls":"false","Domain":"D_STUDY_ID","InternalName":"TBM43_STUDY_ID","InputPicture":"ZZZZZZZZZ9","Type":"xs:int"},{"Name":"TBM43_DOM_CD","Caption":"ドメインコード","default":"","IsKey":"true","ReadOnly":"false","AttributeType":"svchar","Description":"ドメインコード","Length":"2","Decimals":"0","Signed":"false","AllowDBNulls":"false","Domain":"D_DOM_CD","InternalName":"TBM43_DOM_CD","InputPicture":"","Type":"xs:string"},{"Name":"TBM43_DOM_VAR_NM","Caption":"ドメイン変数名","default":"","IsKey":"true","ReadOnly":"false","AttributeType":"svchar","Description":"ドメイン変数名","Length":"50","Decimals":"0","Signed":"false","AllowDBNulls":"false","Domain":"D_DOM_VAR_NM","InternalName":"TBM43_DOM_VAR_NM","InputPicture":"","Type":"xs:string"},{"Name":"TBM43_VAR_DESC","Caption":"ドメイン変数説明","default":"","IsKey":"false","ReadOnly":"false","AttributeType":"svchar","Description":"ドメイン変数説明","Length":"100","Decimals":"0","Signed":"false","AllowDBNulls":"true","InternalName":"TBM43_VAR_DESC","DescriptionAtt":"true","InputPicture":"","Type":"xs:string"},{"Name":"TBM43_SDTM_FLG","Caption":"SDTM定義フラグ","default":"","IsKey":"false","ReadOnly":"false","AttributeType":"svchar","Description":"SDTM定義フラグ","Length":"1","Decimals":"0","Signed":"false","AllowDBNulls":"true","Domain":"D_FLG","InternalName":"TBM43_SDTM_FLG","InputPicture":"","Type":"xs:string"},{"Name":"TBM43_CDASH_FLG","Caption":"CDASH定義フラグ","default":"","IsKey":"false","ReadOnly":"false","AttributeType":"svchar","Description":"CDASH定義フラグ","Length":"1","Decimals":"0","Signed":"false","AllowDBNulls":"true","Domain":"D_FLG","InternalName":"TBM43_CDASH_FLG","InputPicture":"","Type":"xs:string"},{"Name":"TBM43_INPUT_TYPE_DIV","Caption":"入力値型区分","default":"","IsKey":"false","ReadOnly":"false","AttributeType":"svchar","Description":"入力値型区分","Length":"2","Decimals":"0","Signed":"false","AllowDBNulls":"true","InternalName":"TBM43_INPUT_TYPE_DIV","InputPicture":"","Type":"xs:string"},{"Name":"TBM43_REQUIRED_FLG","Caption":"必須入力フラグ","default":"","IsKey":"false","ReadOnly":"false","AttributeType":"svchar","Description":"必須入力フラグ","Length":"1","Decimals":"0","Signed":"false","AllowDBNulls":"true","Domain":"D_FLG","InternalName":"TBM43_REQUIRED_FLG","InputPicture":"","Type":"xs:string"},{"Name":"TBM43_SAS_FIELD_NM","Caption":"SASフィールド名","default":"","IsKey":"false","ReadOnly":"false","AttributeType":"svchar","Description":"SASフィールド名","Length":"50","Decimals":"0","Signed":"false","AllowDBNulls":"true","InternalName":"TBM43_SAS_FIELD_NM","InputPicture":"","Type":"xs:string"},{"Name":"TBM43_ODM_DATA_TYPE","Caption":"ODMデータタイプ","default":"","IsKey":"false","ReadOnly":"false","AttributeType":"svchar","Description":"ODMデータタイプ","Length":"20","Decimals":"0","Signed":"false","AllowDBNulls":"true","InternalName":"TBM43_ODM_DATA_TYPE","InputPicture":"","Type":"xs:string"},{"Name":"TBM43_NOTE","Caption":"備考","default":"","IsKey":"false","ReadOnly":"false","AttributeType":"svchar","Description":"備考","Length":"1000","Decimals":"0","Signed":"false","AllowDBNulls":"true","InternalName":"TBM43_NOTE","InputPicture":"","Type":"xs:string"},{"Name":"TBM43_ORDER","Caption":"表示順","default":"0","IsKey":"false","ReadOnly":"false","AttributeType":"int","Description":"表示順","Length":"5","Decimals":"0","Signed":"false","AllowDBNulls":"true","InternalName":"TBM43_ORDER","InputPicture":"ZZZZ9","Type":"xs:int"},{"Name":"TBM43_VERSION","Caption":"バージョン情報","default":"","IsKey":"false","ReadOnly":"false","AttributeType":"svchar","Description":"バージョン情報","Length":"20","Decimals":"0","Signed":"false","AllowDBNulls":"true","InternalName":"TBM43_VERSION","InputPicture":"","Type":"xs:string"},{"Name":"TBM43_DEL_FLG","Caption":"削除フラグ","default":"","IsKey":"false","ReadOnly":"false","AttributeType":"svchar","Description":"削除フラグ","Length":"1","Decimals":"0","Signed":"false","AllowDBNulls":"true","Domain":"D_FLG","InternalName":"TBM43_DEL_FLG","InputPicture":"","Type":"xs:string"},{"Name":"TBM43_CRT_DATETIME","Caption":"作成日時","default":"","IsKey":"false","ReadOnly":"false","AttributeType":"dtime","Description":"作成日時","Length":"9","Decimals":"8","Signed":"false","AllowDBNulls":"true","Domain":"D_Y4MD_HMS","InternalName":"TBM43_CRT_DATETIME","InputPicture":"9999/99/99 99:99:99","Type":"xs:string"},{"Name":"TBM43_CRT_USER_ID","Caption":"作成ユーザーID","default":"","IsKey":"false","ReadOnly":"false","AttributeType":"svchar","Description":"作成ユーザーID","Length":"128","Decimals":"0","Signed":"false","AllowDBNulls":"true","Domain":"D_TS_USER_ID","InternalName":"TBM43_CRT_USER_ID","InputPicture":"","Type":"xs:string"},{"Name":"TBM43_CRT_PROG_NM","Caption":"作成プログラム名","default":"","IsKey":"false","ReadOnly":"false","AttributeType":"svchar","Description":"作成プログラム名","Length":"40","Decimals":"0","Signed":"false","AllowDBNulls":"true","Domain":"D_TS_PG_NM","InternalName":"TBM43_CRT_PROG_NM","InputPicture":"","Type":"xs:string"},{"Name":"TBM43_UPD_DATETIME","Caption":"更新日時","default":"","IsKey":"false","ReadOnly":"false","AttributeType":"dtime","Description":"更新日時","Length":"9","Decimals":"8","Signed":"false","AllowDBNulls":"true","Domain":"D_Y4MD_HMS","InternalName":"TBM43_UPD_DATETIME","InputPicture":"9999/99/99 99:99:99","Type":"xs:string"},{"Name":"TBM43_UPD_USER_ID","Caption":"更新ユーザーID","default":"","IsKey":"false","ReadOnly":"false","AttributeType":"svchar","Description":"更新ユーザーID","Length":"128","Decimals":"0","Signed":"false","AllowDBNulls":"true","Domain":"D_TS_USER_ID","InternalName":"TBM43_UPD_USER_ID","InputPicture":"","Type":"xs:string"},{"Name":"TBM43_UPD_PROG_NM","Caption":"更新プログラム名","default":"","IsKey":"false","ReadOnly":"false","AttributeType":"svchar","Description":"更新プログラム名","Length":"40","Decimals":"0","Signed":"false","AllowDBNulls":"true","Domain":"D_TS_PG_NM","InternalName":"TBM43_UPD_PROG_NM","InputPicture":"","Type":"xs:string"},{"Name":"TBM43_UPD_CNT","Caption":"更新カウント","default":"0","IsKey":"false","ReadOnly":"false","AttributeType":"int","Description":"更新カウント","Length":"10","Decimals":"0","Signed":"false","AllowDBNulls":"true","Domain":"D_NO","InternalName":"TBM43_UPD_CNT","InputPicture":"ZZZZZZZZZ9","Type":"xs:int"}]}]},"Relations":{"ManyToOne":{"references":[]}}}
}
