{

"GxObject":{"ObjectType":"BusinessComponent","Name":"TBT13_CRF_RES_HIS","idConnectivitySupport":"idInherit","Structure":{"Levels":[{"Name":"Tbt13_crf_res_his","ParentLevel":"","LevelName":"TBT13_CRF_RES_HIS","Description":"CRF入力結果履歴テーブル","Attributes":[{"Name":"TBT13_STUDY_ID","Caption":"試験ID","default":"0","IsKey":"true","ReadOnly":"false","AttributeType":"int","Description":"試験ID","Length":"10","Decimals":"0","Signed":"false","AllowDBNulls":"false","Domain":"D_STUDY_ID","InternalName":"TBT13_STUDY_ID","InputPicture":"ZZZZZZZZZ9","Type":"xs:int"},{"Name":"TBT13_SUBJECT_ID","Caption":"患者ID","default":"0","IsKey":"true","ReadOnly":"false","AttributeType":"int","Description":"患者ID","Length":"6","Decimals":"0","Signed":"false","AllowDBNulls":"false","Domain":"D_SUBJECT_ID","InternalName":"TBT13_SUBJECT_ID","InputPicture":"ZZZZZ9","Type":"xs:int"},{"Name":"TBT13_CRF_ID","Caption":"CRFID","default":"0","IsKey":"true","ReadOnly":"false","AttributeType":"int","Description":"CRFID","Length":"4","Decimals":"0","Signed":"false","AllowDBNulls":"false","Domain":"D_CRF_ID","InternalName":"TBT13_CRF_ID","InputPicture":"ZZZ9","Type":"xs:int"},{"Name":"TBT13_CRF_VERSION","Caption":"CRF更新バージョン","default":"0","IsKey":"true","ReadOnly":"false","AttributeType":"int","Description":"CRF更新バージョン","Length":"4","Decimals":"0","Signed":"false","AllowDBNulls":"false","Domain":"D_CRF_VERSION","InternalName":"TBT13_CRF_VERSION","InputPicture":"ZZZ9","Type":"xs:int"},{"Name":"TBT13_CRF_ITEM_GRP_DIV","Caption":"項目・グループ識別区分","default":"","IsKey":"true","ReadOnly":"false","AttributeType":"svchar","Description":"項目・グループ識別区分","Length":"1","Decimals":"0","Signed":"false","AllowDBNulls":"false","Domain":"D_CRF_ITEM_GRP_DIV","InternalName":"TBT13_CRF_ITEM_GRP_DIV","InputPicture":"","Type":"xs:string"},{"Name":"TBT13_CRF_ITEM_GRP_CD","Caption":"CRF項目・項目グループコード","default":"","IsKey":"true","ReadOnly":"false","AttributeType":"svchar","Description":"CRF項目・項目グループコード","Length":"50","Decimals":"0","Signed":"false","AllowDBNulls":"false","Domain":"D_CRF_ITEM_GRP_CD","InternalName":"TBT13_CRF_ITEM_GRP_CD","InputPicture":"","Type":"xs:string"},{"Name":"TBT13_CRF_VALUE","Caption":"入力値","default":"","IsKey":"false","ReadOnly":"false","AttributeType":"svchar","Description":"入力値","Length":"2000","Decimals":"0","Signed":"false","AllowDBNulls":"true","InternalName":"TBT13_CRF_VALUE","DescriptionAtt":"true","InputPicture":"","Type":"xs:string"},{"Name":"TBT13_EDIT_FLG","Caption":"変更フラグ","default":"","IsKey":"false","ReadOnly":"false","AttributeType":"svchar","Description":"変更フラグ","Length":"1","Decimals":"0","Signed":"false","AllowDBNulls":"true","Domain":"D_FLG","InternalName":"TBT13_EDIT_FLG","InputPicture":"","Type":"xs:string"},{"Name":"TBT13_DEL_FLG","Caption":"削除フラグ","default":"","IsKey":"false","ReadOnly":"false","AttributeType":"svchar","Description":"削除フラグ","Length":"1","Decimals":"0","Signed":"false","AllowDBNulls":"true","Domain":"D_FLG","InternalName":"TBT13_DEL_FLG","InputPicture":"","Type":"xs:string"},{"Name":"TBT13_CRT_DATETIME","Caption":"作成日時","default":"","IsKey":"false","ReadOnly":"false","AttributeType":"dtime","Description":"作成日時","Length":"9","Decimals":"8","Signed":"false","AllowDBNulls":"true","Domain":"D_Y4MD_HMS","InternalName":"TBT13_CRT_DATETIME","InputPicture":"9999/99/99 99:99:99","Type":"xs:string"},{"Name":"TBT13_CRT_USER_ID","Caption":"作成ユーザーID","default":"","IsKey":"false","ReadOnly":"false","AttributeType":"svchar","Description":"作成ユーザーID","Length":"128","Decimals":"0","Signed":"false","AllowDBNulls":"true","Domain":"D_TS_USER_ID","InternalName":"TBT13_CRT_USER_ID","InputPicture":"","Type":"xs:string"},{"Name":"TBT13_CRT_PROG_NM","Caption":"作成プログラム名","default":"","IsKey":"false","ReadOnly":"false","AttributeType":"svchar","Description":"作成プログラム名","Length":"40","Decimals":"0","Signed":"false","AllowDBNulls":"true","Domain":"D_TS_PG_NM","InternalName":"TBT13_CRT_PROG_NM","InputPicture":"","Type":"xs:string"},{"Name":"TBT13_UPD_DATETIME","Caption":"更新日時","default":"","IsKey":"false","ReadOnly":"false","AttributeType":"dtime","Description":"更新日時","Length":"9","Decimals":"8","Signed":"false","AllowDBNulls":"true","Domain":"D_Y4MD_HMS","InternalName":"TBT13_UPD_DATETIME","InputPicture":"9999/99/99 99:99:99","Type":"xs:string"},{"Name":"TBT13_UPD_USER_ID","Caption":"更新ユーザーID","default":"","IsKey":"false","ReadOnly":"false","AttributeType":"svchar","Description":"更新ユーザーID","Length":"128","Decimals":"0","Signed":"false","AllowDBNulls":"true","Domain":"D_TS_USER_ID","InternalName":"TBT13_UPD_USER_ID","InputPicture":"","Type":"xs:string"},{"Name":"TBT13_UPD_PROG_NM","Caption":"更新プログラム名","default":"","IsKey":"false","ReadOnly":"false","AttributeType":"svchar","Description":"更新プログラム名","Length":"40","Decimals":"0","Signed":"false","AllowDBNulls":"true","Domain":"D_TS_PG_NM","InternalName":"TBT13_UPD_PROG_NM","InputPicture":"","Type":"xs:string"},{"Name":"TBT13_UPD_CNT","Caption":"更新カウント","default":"0","IsKey":"false","ReadOnly":"false","AttributeType":"int","Description":"更新カウント","Length":"10","Decimals":"0","Signed":"false","AllowDBNulls":"true","Domain":"D_NO","InternalName":"TBT13_UPD_CNT","InputPicture":"ZZZZZZZZZ9","Type":"xs:int"}]}]},"Relations":{"ManyToOne":{"references":[]}}}
}
