{

"GxObject":{"ObjectType":"BusinessComponent","Name":"TBT16_IMPORT_HISTORY","idConnectivitySupport":"idInherit","Structure":{"Levels":[{"Name":"Tbt16_import_history","ParentLevel":"","LevelName":"TBT16_IMPORT_HISTORY","Description":"選択一覧取込履歴テーブル","Attributes":[{"Name":"TBT16_IMPORT_NO","Caption":"取込番号","default":"0","AutoNumber":"true","IsKey":"true","ReadOnly":"false","AttributeType":"int","Description":"取込番号","Length":"10","Decimals":"0","Signed":"false","AllowDBNulls":"false","InternalName":"TBT16_IMPORT_NO","InputPicture":"ZZZZZZZZZ9","Type":"xs:int"},{"Name":"TBT16_IMPORT_FILE_NM","Caption":"取込ファイル名","default":"","IsKey":"false","ReadOnly":"false","AttributeType":"svchar","Description":"取込ファイル名","Length":"200","Decimals":"0","Signed":"false","AllowDBNulls":"true","InternalName":"TBT16_IMPORT_FILE_NM","DescriptionAtt":"true","InputPicture":"","Type":"xs:string"},{"Name":"TBT16_FILE_NM","Caption":"実ファイル名","default":"","IsKey":"false","ReadOnly":"false","AttributeType":"svchar","Description":"実ファイル名","Length":"200","Decimals":"0","Signed":"false","AllowDBNulls":"true","InternalName":"TBT16_FILE_NM","InputPicture":"","Type":"xs:string"},{"Name":"TBT16_IMPORT_DATETIME","Caption":"取込日時","default":"","IsKey":"false","ReadOnly":"false","AttributeType":"dtime","Description":"取込日時","Length":"9","Decimals":"8","Signed":"false","AllowDBNulls":"true","Domain":"D_Y4MD_HMS","InternalName":"TBT16_IMPORT_DATETIME","InputPicture":"9999/99/99 99:99:99","Type":"xs:string"},{"Name":"TBT16_DEL_FLG","Caption":"削除フラグ","default":"","IsKey":"false","ReadOnly":"false","AttributeType":"svchar","Description":"削除フラグ","Length":"1","Decimals":"0","Signed":"false","AllowDBNulls":"true","Domain":"D_FLG","InternalName":"TBT16_DEL_FLG","InputPicture":"","Type":"xs:string"},{"Name":"TBT16_CRT_DATETIME","Caption":"作成日時","default":"","IsKey":"false","ReadOnly":"false","AttributeType":"dtime","Description":"作成日時","Length":"9","Decimals":"8","Signed":"false","AllowDBNulls":"true","Domain":"D_Y4MD_HMS","InternalName":"TBT16_CRT_DATETIME","InputPicture":"9999/99/99 99:99:99","Type":"xs:string"},{"Name":"TBT16_CRT_USER_ID","Caption":"作成ユーザID","default":"","IsKey":"false","ReadOnly":"false","AttributeType":"svchar","Description":"作成ユーザID","Length":"128","Decimals":"0","Signed":"false","AllowDBNulls":"true","Domain":"D_TS_USER_ID","InternalName":"TBT16_CRT_USER_ID","InputPicture":"","Type":"xs:string"},{"Name":"TBT16_CRT_PROG_NM","Caption":"作成プログラム名","default":"","IsKey":"false","ReadOnly":"false","AttributeType":"svchar","Description":"作成プログラム名","Length":"40","Decimals":"0","Signed":"false","AllowDBNulls":"true","Domain":"D_TS_PG_NM","InternalName":"TBT16_CRT_PROG_NM","InputPicture":"","Type":"xs:string"},{"Name":"TBT16_UPD_DATETIME","Caption":"更新日時","default":"","IsKey":"false","ReadOnly":"false","AttributeType":"dtime","Description":"更新日時","Length":"9","Decimals":"8","Signed":"false","AllowDBNulls":"true","Domain":"D_Y4MD_HMS","InternalName":"TBT16_UPD_DATETIME","InputPicture":"9999/99/99 99:99:99","Type":"xs:string"},{"Name":"TBT16_UPD_USER_ID","Caption":"更新ユーザID","default":"","IsKey":"false","ReadOnly":"false","AttributeType":"svchar","Description":"更新ユーザID","Length":"128","Decimals":"0","Signed":"false","AllowDBNulls":"true","Domain":"D_TS_USER_ID","InternalName":"TBT16_UPD_USER_ID","InputPicture":"","Type":"xs:string"},{"Name":"TBT16_UPD_PROG_NM","Caption":"更新プログラム名","default":"","IsKey":"false","ReadOnly":"false","AttributeType":"svchar","Description":"更新プログラム名","Length":"40","Decimals":"0","Signed":"false","AllowDBNulls":"true","Domain":"D_TS_PG_NM","InternalName":"TBT16_UPD_PROG_NM","InputPicture":"","Type":"xs:string"},{"Name":"TBT16_UPD_CNT","Caption":"更新カウント","default":"0","IsKey":"false","ReadOnly":"false","AttributeType":"int","Description":"更新カウント","Length":"10","Decimals":"0","Signed":"false","AllowDBNulls":"true","Domain":"D_NO","InternalName":"TBT16_UPD_CNT","InputPicture":"ZZZZZZZZZ9","Type":"xs:int"}]}]},"Relations":{"ManyToOne":{"references":[]}}}
}
