{

"GxObject":{"ObjectType":"BusinessComponent","Name":"TBW05_CRF_RESULT","idConnectivitySupport":"idInherit","Structure":{"Levels":[{"Name":"Tbw05_crf_result","ParentLevel":"","LevelName":"TBW05_CRF_RESULT","Description":"CRF入力結果テーブルワーク","Attributes":[{"Name":"TBW05_SESSION_ID","Caption":"セッションID","default":"","IsKey":"true","ReadOnly":"false","AttributeType":"svchar","Description":"セッションID","Length":"50","Decimals":"0","Signed":"false","AllowDBNulls":"false","Domain":"D_SESSION_ID","InternalName":"TBW05_SESSION_ID","InputPicture":"","Type":"xs:string"},{"Name":"TBW05_APP_ID","Caption":"アプリケーションID","default":"","IsKey":"true","ReadOnly":"false","AttributeType":"svchar","Description":"アプリケーションID","Length":"7","Decimals":"0","Signed":"false","AllowDBNulls":"false","Domain":"D_APP_ID","InternalName":"TBW05_APP_ID","InputPicture":"","Type":"xs:string"},{"Name":"TBW05_DISP_DATETIME","Caption":"表示日時","default":"","IsKey":"true","ReadOnly":"false","AttributeType":"svchar","Description":"表示日時","Length":"14","Decimals":"0","Signed":"false","AllowDBNulls":"false","Domain":"D_Y4MD_HMS_C","InternalName":"TBW05_DISP_DATETIME","InputPicture":"","Type":"xs:string"},{"Name":"TBW05_STUDY_ID","Caption":"試験ID","default":"0","IsKey":"true","ReadOnly":"false","AttributeType":"int","Description":"試験ID","Length":"10","Decimals":"0","Signed":"false","AllowDBNulls":"false","InternalName":"TBW05_STUDY_ID","InputPicture":"ZZZZZZZZZ9","Type":"xs:int"},{"Name":"TBW05_SUBJECT_ID","Caption":"患者ID","default":"0","IsKey":"true","ReadOnly":"false","AttributeType":"int","Description":"患者ID","Length":"6","Decimals":"0","Signed":"false","AllowDBNulls":"false","InternalName":"TBW05_SUBJECT_ID","InputPicture":"ZZZZZ9","Type":"xs:int"},{"Name":"TBW05_CRF_ID","Caption":"CRFID","default":"0","IsKey":"true","ReadOnly":"false","AttributeType":"int","Description":"CRFID","Length":"4","Decimals":"0","Signed":"false","AllowDBNulls":"false","InternalName":"TBW05_CRF_ID","InputPicture":"ZZZ9","Type":"xs:int"},{"Name":"TBW05_CRF_ITEM_GRP_DIV","Caption":"項目・グループ識別区分","default":"","IsKey":"true","ReadOnly":"false","AttributeType":"svchar","Description":"項目・グループ識別区分","Length":"1","Decimals":"0","Signed":"false","AllowDBNulls":"false","InternalName":"TBW05_CRF_ITEM_GRP_DIV","InputPicture":"","Type":"xs:string"},{"Name":"TBW05_CRF_ITEM_GRP_CD","Caption":"CRF項目・項目グループコード","default":"","IsKey":"true","ReadOnly":"false","AttributeType":"svchar","Description":"CRF項目・項目グループコード","Length":"50","Decimals":"0","Signed":"false","AllowDBNulls":"false","InternalName":"TBW05_CRF_ITEM_GRP_CD","InputPicture":"","Type":"xs:string"},{"Name":"TBW05_CRF_VALUE","Caption":"入力値","default":"","IsKey":"false","ReadOnly":"false","AttributeType":"svchar","Description":"入力値","Length":"2000","Decimals":"0","Signed":"false","AllowDBNulls":"true","InternalName":"TBW05_CRF_VALUE","DescriptionAtt":"true","InputPicture":"","Type":"xs:string"},{"Name":"TBW05_EDIT_FLG","Caption":"変更フラグ","default":"","IsKey":"false","ReadOnly":"false","AttributeType":"svchar","Description":"変更フラグ","Length":"1","Decimals":"0","Signed":"false","AllowDBNulls":"true","InternalName":"TBW05_EDIT_FLG","InputPicture":"","Type":"xs:string"}]}]},"Relations":{"ManyToOne":{"references":[]}}}
}
