{

"GxObject":{"ObjectType":"BusinessComponent","Name":"TBW01_FREE_WORK","idConnectivitySupport":"idInherit","Structure":{"Levels":[{"Name":"Tbw01_free_work","ParentLevel":"","LevelName":"TBW01_FREE_WORK","Description":"汎用ワークテーブル","Attributes":[{"Name":"TBW01_SESSION_ID","Caption":"セッションID","default":"","IsKey":"true","ReadOnly":"false","AttributeType":"svchar","Description":"セッションID","Length":"50","Decimals":"0","Signed":"false","AllowDBNulls":"false","Domain":"D_SESSION_ID","InternalName":"TBW01_SESSION_ID","InputPicture":"","Type":"xs:string"},{"Name":"TBW01_APP_ID","Caption":"アプリケーションID","default":"","IsKey":"true","ReadOnly":"false","AttributeType":"svchar","Description":"アプリケーションID","Length":"7","Decimals":"0","Signed":"false","AllowDBNulls":"false","Domain":"D_APP_ID","InternalName":"TBW01_APP_ID","InputPicture":"","Type":"xs:string"},{"Name":"TBW01_DISP_DATETIME","Caption":"ブラウザ表示日時","default":"","IsKey":"true","ReadOnly":"false","AttributeType":"svchar","Description":"ブラウザ表示日時","Length":"14","Decimals":"0","Signed":"false","AllowDBNulls":"false","Domain":"D_Y4MD_HMS_C","InternalName":"TBW01_DISP_DATETIME","InputPicture":"","Type":"xs:string"},{"Name":"TBW01_LINE_NO","Caption":"行番号","default":"0","IsKey":"true","ReadOnly":"false","AttributeType":"int","Description":"行番号","Length":"10","Decimals":"0","Signed":"false","AllowDBNulls":"false","InternalName":"TBW01_LINE_NO","DescriptionAtt":"true","InputPicture":"ZZZZZZZZZ9","Type":"xs:int"},{"Name":"TBW01_FREE_SAVE_1","Caption":"汎用領域1","default":"","IsKey":"false","ReadOnly":"false","AttributeType":"vchar","Description":"汎用領域1","Length":"2097152","Decimals":"0","Signed":"false","AllowDBNulls":"true","InternalName":"TBW01_FREE_SAVE_1","InputPicture":"","Type":"xs:string"},{"Name":"TBW01_FREE_SAVE_2","Caption":"汎用領域2","default":"","IsKey":"false","ReadOnly":"false","AttributeType":"vchar","Description":"汎用領域2","Length":"2097152","Decimals":"0","Signed":"false","AllowDBNulls":"true","InternalName":"TBW01_FREE_SAVE_2","InputPicture":"","Type":"xs:string"}]}]},"Relations":{"ManyToOne":{"references":[]}}}
}
