{

"GxObject":{"ObjectType":"BusinessComponent","Name":"TBW04_CRF","idConnectivitySupport":"idInherit","Structure":{"Levels":[{"Name":"Tbw04_crf","ParentLevel":"","LevelName":"TBW04_CRF","Description":"CRFテーブルワーク","Attributes":[{"Name":"TBW04_SESSION_ID","Caption":"セッションID","default":"","IsKey":"true","ReadOnly":"false","AttributeType":"svchar","Description":"セッションID","Length":"50","Decimals":"0","Signed":"false","AllowDBNulls":"false","Domain":"D_SESSION_ID","InternalName":"TBW04_SESSION_ID","InputPicture":"","Type":"xs:string"},{"Name":"TBW04_APP_ID","Caption":"アプリケーションID","default":"","IsKey":"true","ReadOnly":"false","AttributeType":"svchar","Description":"アプリケーションID","Length":"7","Decimals":"0","Signed":"false","AllowDBNulls":"false","Domain":"D_APP_ID","InternalName":"TBW04_APP_ID","InputPicture":"","Type":"xs:string"},{"Name":"TBW04_DISP_DATETIME","Caption":"表示日時","default":"","IsKey":"true","ReadOnly":"false","AttributeType":"svchar","Description":"表示日時","Length":"14","Decimals":"0","Signed":"false","AllowDBNulls":"false","Domain":"D_Y4MD_HMS_C","InternalName":"TBW04_DISP_DATETIME","InputPicture":"","Type":"xs:string"},{"Name":"TBW04_STUDY_ID","Caption":"試験ID","default":"0","IsKey":"true","ReadOnly":"false","AttributeType":"int","Description":"試験ID","Length":"10","Decimals":"0","Signed":"false","AllowDBNulls":"false","InternalName":"TBW04_STUDY_ID","InputPicture":"ZZZZZZZZZ9","Type":"xs:int"},{"Name":"TBW04_SUBJECT_ID","Caption":"患者ID","default":"0","IsKey":"true","ReadOnly":"false","AttributeType":"int","Description":"患者ID","Length":"6","Decimals":"0","Signed":"false","AllowDBNulls":"false","InternalName":"TBW04_SUBJECT_ID","InputPicture":"ZZZZZ9","Type":"xs:int"},{"Name":"TBW04_CRF_ID","Caption":"CRFID","default":"0","IsKey":"true","ReadOnly":"false","AttributeType":"int","Description":"CRFID","Length":"4","Decimals":"0","Signed":"false","AllowDBNulls":"false","InternalName":"TBW04_CRF_ID","InputPicture":"ZZZ9","Type":"xs:int"},{"Name":"TBW04_CRF_LATEST_VERSION","Caption":"CRF最新更新バージョン","default":"0","IsKey":"false","ReadOnly":"false","AttributeType":"int","Description":"CRF最新更新バージョン","Length":"4","Decimals":"0","Signed":"false","AllowDBNulls":"true","InternalName":"TBW04_CRF_LATEST_VERSION","DescriptionAtt":"true","InputPicture":"ZZZ9","Type":"xs:int"},{"Name":"TBW04_CRF_INPUT_LEVEL","Caption":"CRF入力権限レベル","default":"0","IsKey":"false","ReadOnly":"false","AttributeType":"int","Description":"CRF入力権限レベル","Length":"2","Decimals":"0","Signed":"false","AllowDBNulls":"true","InternalName":"TBW04_CRF_INPUT_LEVEL","InputPicture":"Z9","Type":"xs:int"},{"Name":"TBW04_LOCK_FLG","Caption":"ロックフラグ","default":"","IsKey":"false","ReadOnly":"false","AttributeType":"svchar","Description":"ロックフラグ","Length":"1","Decimals":"0","Signed":"false","AllowDBNulls":"true","InternalName":"TBW04_LOCK_FLG","InputPicture":"","Type":"xs:string"},{"Name":"TBW04_LOCK_DATETIME","Caption":"ロック日時","default":"","IsKey":"false","ReadOnly":"false","AttributeType":"dtime","Description":"ロック日時","Length":"9","Decimals":"8","Signed":"false","AllowDBNulls":"true","InternalName":"TBW04_LOCK_DATETIME","InputPicture":"9999/99/99 99:99:99","Type":"xs:string"},{"Name":"TBW04_LOCK_USER_ID","Caption":"ロック中ユーザーID","default":"","IsKey":"false","ReadOnly":"false","AttributeType":"svchar","Description":"ロック中ユーザーID","Length":"128","Decimals":"0","Signed":"false","AllowDBNulls":"true","InternalName":"TBW04_LOCK_USER_ID","InputPicture":"","Type":"xs:string"},{"Name":"TBW04_LOCK_AUTH_CD","Caption":"ロック時権限コード","default":"","IsKey":"false","ReadOnly":"false","AttributeType":"svchar","Description":"ロック時権限コード","Length":"2","Decimals":"0","Signed":"false","AllowDBNulls":"true","InternalName":"TBW04_LOCK_AUTH_CD","InputPicture":"","Type":"xs:string"},{"Name":"TBW04_UPLOAD_DATETIME","Caption":"アップロード日時","default":"","IsKey":"false","ReadOnly":"false","AttributeType":"dtime","Description":"アップロード日時","Length":"9","Decimals":"8","Signed":"false","AllowDBNulls":"true","InternalName":"TBW04_UPLOAD_DATETIME","InputPicture":"9999/99/99 99:99:99","Type":"xs:string"},{"Name":"TBW04_UPLOAD_USER_ID","Caption":"アップロードユーザーID","default":"","IsKey":"false","ReadOnly":"false","AttributeType":"svchar","Description":"アップロードユーザーID","Length":"128","Decimals":"0","Signed":"false","AllowDBNulls":"true","InternalName":"TBW04_UPLOAD_USER_ID","InputPicture":"","Type":"xs:string"},{"Name":"TBW04_UPLOAD_AUTH_CD","Caption":"アップロード時権限コード","default":"","IsKey":"false","ReadOnly":"false","AttributeType":"svchar","Description":"アップロード時権限コード","Length":"2","Decimals":"0","Signed":"false","AllowDBNulls":"true","InternalName":"TBW04_UPLOAD_AUTH_CD","InputPicture":"","Type":"xs:string"},{"Name":"TBW04_DM_ARRIVAL_FLG","Caption":"DM到着フラグ","default":"","IsKey":"false","ReadOnly":"false","AttributeType":"svchar","Description":"DM到着フラグ","Length":"1","Decimals":"0","Signed":"false","AllowDBNulls":"true","InternalName":"TBW04_DM_ARRIVAL_FLG","InputPicture":"","Type":"xs:string"},{"Name":"TBW04_DM_ARRIVAL_DATETIME","Caption":"DM到着日時","default":"","IsKey":"false","ReadOnly":"false","AttributeType":"dtime","Description":"DM到着日時","Length":"9","Decimals":"8","Signed":"false","AllowDBNulls":"true","InternalName":"TBW04_DM_ARRIVAL_DATETIME","InputPicture":"9999/99/99 99:99:99","Type":"xs:string"},{"Name":"TBW04_APPROVAL_FLG","Caption":"承認フラグ","default":"","IsKey":"false","ReadOnly":"false","AttributeType":"svchar","Description":"承認フラグ","Length":"1","Decimals":"0","Signed":"false","AllowDBNulls":"true","InternalName":"TBW04_APPROVAL_FLG","InputPicture":"","Type":"xs:string"},{"Name":"TBW04_APPROVAL_DATETIME","Caption":"承認日時","default":"","IsKey":"false","ReadOnly":"false","AttributeType":"dtime","Description":"承認日時","Length":"9","Decimals":"8","Signed":"false","AllowDBNulls":"true","InternalName":"TBW04_APPROVAL_DATETIME","InputPicture":"9999/99/99 99:99:99","Type":"xs:string"},{"Name":"TBW04_APPROVAL_USER_ID","Caption":"承認ユーザーID","default":"","IsKey":"false","ReadOnly":"false","AttributeType":"svchar","Description":"承認ユーザーID","Length":"128","Decimals":"0","Signed":"false","AllowDBNulls":"true","InternalName":"TBW04_APPROVAL_USER_ID","InputPicture":"","Type":"xs:string"},{"Name":"TBW04_APPROVAL_AUTH_CD","Caption":"承認時権限コード","default":"","IsKey":"false","ReadOnly":"false","AttributeType":"svchar","Description":"承認時権限コード","Length":"2","Decimals":"0","Signed":"false","AllowDBNulls":"true","InternalName":"TBW04_APPROVAL_AUTH_CD","InputPicture":"","Type":"xs:string"},{"Name":"TBW04_INPUT_END_FLG","Caption":"データ固定フラグ","default":"","IsKey":"false","ReadOnly":"false","AttributeType":"svchar","Description":"データ固定フラグ","Length":"1","Decimals":"0","Signed":"false","AllowDBNulls":"true","InternalName":"TBW04_INPUT_END_FLG","InputPicture":"","Type":"xs:string"},{"Name":"TBW04_INPUT_END_DATETIME","Caption":"データ固定日時","default":"","IsKey":"false","ReadOnly":"false","AttributeType":"dtime","Description":"データ固定日時","Length":"9","Decimals":"8","Signed":"false","AllowDBNulls":"true","InternalName":"TBW04_INPUT_END_DATETIME","InputPicture":"9999/99/99 99:99:99","Type":"xs:string"},{"Name":"TBW04_INPUT_END_USER_ID","Caption":"データ固定ユーザーID","default":"","IsKey":"false","ReadOnly":"false","AttributeType":"svchar","Description":"データ固定ユーザーID","Length":"128","Decimals":"0","Signed":"false","AllowDBNulls":"true","InternalName":"TBW04_INPUT_END_USER_ID","InputPicture":"","Type":"xs:string"},{"Name":"TBW04_INPUT_END_AUTH_CD","Caption":"データ固定時権限コード","default":"","IsKey":"false","ReadOnly":"false","AttributeType":"svchar","Description":"データ固定時権限コード","Length":"2","Decimals":"0","Signed":"false","AllowDBNulls":"true","InternalName":"TBW04_INPUT_END_AUTH_CD","InputPicture":"","Type":"xs:string"},{"Name":"TBW04_COMPLETION_FLG","Caption":"完了フラグ","default":"","IsKey":"false","ReadOnly":"false","AttributeType":"svchar","Description":"完了フラグ","Length":"1","Decimals":"0","Signed":"false","AllowDBNulls":"true","Domain":"D_FLG","InternalName":"TBW04_COMPLETION_FLG","InputPicture":"","Type":"xs:string"},{"Name":"TBW04_EDIT_FLG","Caption":"編集フラグ","default":"","IsKey":"false","ReadOnly":"false","AttributeType":"svchar","Description":"編集フラグ","Length":"1","Decimals":"0","Signed":"false","AllowDBNulls":"true","Domain":"D_FLG","InternalName":"TBW04_EDIT_FLG","InputPicture":"","Type":"xs:string"}]}]},"Relations":{"ManyToOne":{"references":[]}}}
}
